JABXKM010000248.1,0..29255,cas12k,18745..20676,lcl|18745|20676|1|1,1,WP_066425713.1,0.00e+00,WP_066425713.1 cas12k type V CRISPR-associated protein Cas12k [Anabaena sp. 4-3],MSVITIQCRLVADDETLRHLWEFMAEKNTPLVNEILERLGKHSEFEIWVKTAKVPKTVIKELCDSLKTQEPFIGQPGRFYTSAITLVTYIYKSWLALNRRRQLKIEGKERWLEMLKTDVELEQESKSSLENIRTKSTEILASFATHQTHETNHKLRGRRSRKPKDEKADRPDKVVTIKPSRLFEAYRQTEDALTRCALVYLLKNNCQVSFVEEDLEQYTKQRRKKEIEIERLKIQLTSRVPKGRDLTGEKWLETLEQAVQQVAQDEKEAKSWQANLLRKSSYIPFPVVYETTEDIKWKINDKKRLFVCFNGLGKLKFELYCDKRHLHLFHRFLEDQETKRKGKKQHSSSLFTLRSGRISWLEQEGKGKPWNVHRLVIFCSLDTRMWTVEGTQQVIEEKTTDIKNKLEKAEEKGKLNPQQKDDVIRKQSTLARINTPFPRPSKPLYEGKSNILVGVSLGLEKPVTIAVFDAANNKVLVYRSVKQLLGDNYNLLNRQRQQKQRSSHERHKSQKQFAPNDFGESELGQYLDRLLATKIVEIAKVYSAGSIVLPKLGDIREIIQSEVLLKAEKKIPGFLEGQKNYAKEYRRQVHNWSYGRLIGNIQNQAAKVGISIETQQQAIRGSPQEQARDLALFAYQCRITSSI,793,2047,646,63.003,407,222,498,3,17,77.09,100,/stor/scratch/Wilke/contig/database/metagenomic_contig_database/NCBI_redownload/genbank_bacteria_20210505/GCA_017115025.1_ASM1711502v1_genomic.fna.gz
JABXKM010000248.1,0..29255,CRISPR array,21259..21813,,,,,"Copies: 8, Repeat: 37, Spacer: 36",GTTTCAACAACCATCCCGGCTAGGGGTGGGTTGAAAG,,,,,,,,,,,,/stor/scratch/Wilke/contig/database/metagenomic_contig_database/NCBI_redownload/genbank_bacteria_20210505/GCA_017115025.1_ASM1711502v1_genomic.fna.gz
JABXKM010000248.1,0..29255,Repeat Spacer,21260..21336,,1,,,GTTTCAACAACCATCCCGGCTAGGGGTGGGTTGAAAG CAATTGCAAGATAGACTTGAAATGTCACTGATGGCGTGGA,CAATTGCAAGATAGACTTGAAATGTCACTGATGGCGTGGA,,,,,,,,,,,,/stor/scratch/Wilke/contig/database/metagenomic_contig_database/NCBI_redownload/genbank_bacteria_20210505/GCA_017115025.1_ASM1711502v1_genomic.fna.gz
JABXKM010000248.1,0..29255,Repeat Spacer,21337..21406,,1,,,GTTTCAACAACCATCCCGGCTAGGGGTGGGTTGAAAG CGTGGCAAACGCTCAAAGATAAGGGGGTGAGAG,CGTGGCAAACGCTCAAAGATAAGGGGGTGAGAG,,,,,,,,,,,,/stor/scratch/Wilke/contig/database/metagenomic_contig_database/NCBI_redownload/genbank_bacteria_20210505/GCA_017115025.1_ASM1711502v1_genomic.fna.gz
JABXKM010000248.1,0..29255,Repeat Spacer,21407..21480,,1,,,GTTTCAACAACCATCCCGGCTAGGGGTGGGTTGAAAG AAGTTGACTTCGCCATCCGCGCTTCCGCCACATCCAG,AAGTTGACTTCGCCATCCGCGCTTCCGCCACATCCAG,,,,,,,,,,,,/stor/scratch/Wilke/contig/database/metagenomic_contig_database/NCBI_redownload/genbank_bacteria_20210505/GCA_017115025.1_ASM1711502v1_genomic.fna.gz
JABXKM010000248.1,0..29255,Repeat Spacer,21481..21552,,1,,,GTTTCAACAACCATCCCGGCTAGGGGTGGGTTGAAAG CAAACTTCTGTATAAATTACCCATTTCTGTTGGAT,CAAACTTCTGTATAAATTACCCATTTCTGTTGGAT,,,,,,,,,,,,/stor/scratch/Wilke/contig/database/metagenomic_contig_database/NCBI_redownload/genbank_bacteria_20210505/GCA_017115025.1_ASM1711502v1_genomic.fna.gz
JABXKM010000248.1,0..29255,Repeat Spacer,21553..21625,,1,,,GTTTCAACAACCATCCCGGCTAGGGGTGGGTTGAAAG CTGCTAAAAAGCAAAAAGCAGCAAAAGGGGTTTAAT,CTGCTAAAAAGCAAAAAGCAGCAAAAGGGGTTTAAT,,,,,,,,,,,,/stor/scratch/Wilke/contig/database/metagenomic_contig_database/NCBI_redownload/genbank_bacteria_20210505/GCA_017115025.1_ASM1711502v1_genomic.fna.gz
JABXKM010000248.1,0..29255,Repeat Spacer,21626..21702,,1,,,GTTTCAACAACCATCCCGGCTAGGGGTGGGTTGAAAG AGATTGCTGAAGATGATGCCTTTATGGCTGCGATCGCTAA,AGATTGCTGAAGATGATGCCTTTATGGCTGCGATCGCTAA,,,,,,,,,,,,/stor/scratch/Wilke/contig/database/metagenomic_contig_database/NCBI_redownload/genbank_bacteria_20210505/GCA_017115025.1_ASM1711502v1_genomic.fna.gz
JABXKM010000248.1,0..29255,Repeat Spacer,21703..21776,,1,,,GTTTCAACAACCATCCCGGCTAGGGGTGGGTTGAAAG TCGTGTTGATGTTGACGCCCAATTGATGAAGGCTAGG,TCGTGTTGATGTTGACGCCCAATTGATGAAGGCTAGG,,,,,,,,,,,,/stor/scratch/Wilke/contig/database/metagenomic_contig_database/NCBI_redownload/genbank_bacteria_20210505/GCA_017115025.1_ASM1711502v1_genomic.fna.gz
JABXKM010000248.1,0..29255,tniQ,3763..4266,lcl|3763|4266|1|1,1,UniRef50_K9WL29,1.29e-75,UniRef50_K9WL29 tniQ Uncharacterized protein n=57 Tax=Cyanobacteria TaxID=1117 RepID=K9WL29_9CYAN,MKASSETPRFFQVEPLERESLSHFLGRFRRENYLTATQLGKLTGIGAVISRWEKFYLNPFPTTQELEALAAVVEVKVDRLIEMLQPLGVTMKPRPIRLCGACYQESPCHRVEWQFKDVMVCDRHQLRLLTKCTNCETPFPIPADWVQGECPHCFLPFATMAKRQKRC,220,561,166,64.458,107,58,125,1,1,75.30,99,/stor/scratch/Wilke/contig/database/metagenomic_contig_database/NCBI_redownload/genbank_bacteria_20210505/GCA_017115025.1_ASM1711502v1_genomic.fna.gz
JABXKM010000248.1,0..29255,tnsB,1125..2864,lcl|1125|2864|3|1,1,ASC70744.1,0.00e+00,ASC70744.1 tnsB Transposon Tn7 transposition protein TnsB [Halomicronema hongdechloris C2206 C2206],MGETPNSYEVDESLLLHDRSDQVDKTSESADAKENNVIVTELSAEAKLRVEVLQSLIGPCDRKTYGIKLKQAAEKLGKTVRTVQRLVKKYQEQGLSGVTEAERSDKGGYRIDDGWQDFIVKTYKDGNKDGRKMTPAQVAIRVQVRAKQLGLEKYPCHMTVYRVLNPIIERKEQKQKVRNIGWRGSRVSHQTRDGQTLDVHHSNHVWQCDHTKLDVMLVDQYGETLARPWLTKITDSYSRCIMGIHLGFDAPSSLVVALAMRHAMLRKQYSSEYKLHCEWGTYGVPENLFTDGGKDFRSEHLKQIGFQLGFECHLRDRPPEGGIEERGFGTINTDFLSGFYGYLGSNVQERPEGAEEEACITLRELHLLIVRYIVDNYNQRIDARSGDQRRFQRWEAGLPALPSLVNDRELDICLMKKTRRSIYKGGYVSFENIMYRGDYLAAYAGESVLLRYDPRDISTVFVYRQDSDKEVLLSQAHAIDLETQQISLEEAKAASRKIRSAGKQLSNKSILAEVQDRDTFIKQKKKTHKERKKEEQAQVHSVKPFQTKEPVETVEETPQPQKRRPRVFNYEQLRNDYDY,583,1502,439,59.453,261,178,346,0,0,78.82,76,/stor/scratch/Wilke/contig/database/metagenomic_contig_database/NCBI_redownload/genbank_bacteria_20210505/GCA_017115025.1_ASM1711502v1_genomic.fna.gz
JABXKM010000248.1,0..29255,tnsC,2927..3763,lcl|2927|3763|2|1,1,UniRef100_A0A143QFU6,5.75e-12,UniRef100_A0A143QFU6 tnsC Transposon Tn7 transposition protein TnsC n=2 Tax=unclassified Rhodococcus TaxID=192944 RepID=A0A143QFU6_9NOCA,MAEDSLRKWVQNLWGDDPIPGELLPIIERLITPSFVELDHIKKIHDWLDSLRLSKQCGRIVAPPRAGKSVTCDVYKLLNKPQKRTGKRDIVPVLYMQASGDCSAGELLTLILEKLKYDAISGKLTDLRRRALRLLKESKVEMLVIDEANFLKLNTFSEIARIYDLLNISIVLVGTDGLDNLIKKEPYIHDRFIECYRLPLVSEKKFPEFIQIWEDEVLCLPVPSNLTKKETLMPLYQKTGGKIGLVDRVLRRAAILSLRKGLKNIDKATLDEVLEWFE,61.6,148,241,26.556,64,165,106,7,12,43.98,84,/stor/scratch/Wilke/contig/database/metagenomic_contig_database/NCBI_redownload/genbank_bacteria_20210505/GCA_017115025.1_ASM1711502v1_genomic.fna.gz
