NZ_MITO01000018.1,0..39867,tniQ,3919..5109,lcl|3919|5109|1|1,1,tr|S5IUU9|S5IUU9_VIBPH,0.0,tr|S5IUU9|S5IUU9_VIBPH tniQ Uncharacterized protein OS=Vibrio parahaemolyticus O1:Kuk str. FDA_R31 OX=1338034 GN=M634_16400 PE=4 SV=1,MMLLQRPKSYPDESLESFFIRVANKNGYNDVHWFLVAVKRYLLDIDPRKFQTFPTDICCINPYSSKKHSISRTHALHHLSQLTFNEPVDLLGIALNRNQMQFSPSTTALIRGAEVIPRSLLRKGAIPCCPCCLGEHGYASYRWHFSGYEYCHEHDVKLIERCSCGAIYDYRYAGLSGVCTECGENISASQENHEPKATRIASWLAGDDVKPLPDVPLSYRWGFMHWWSQISSSCKTRNNGEFLAFWEHWPNSFHKLIGKEIDFNFEYCVLSKNDLRVKDILGKILFSSIQLPDRNFRSNIILKEMFQYIETHLWDDNGKLANLRMNMLEICVLLNCSREQVTSMIEQGLLPPNRQLGKREILIVTEYAFYLGDVYCLWLSEFQSDEFNRSFYLSRW,789,2037,396,94.949,376,20,386,0,0,97.47,100,/stor/home/kh36969/gitrepo/META/yciA/NZ_MITO01000018.1.fna
NZ_MITO01000018.1,0..39867,tnsB,12172..11423,lcl|12172|11423|3|-1,-1,UniRef100_A0A1T0A091,2.09e-11,UniRef100_A0A1T0A091 tnsB Transposon Tn7 transposition protein tnsB n=1 Tax=Moraxella caviae TaxID=34060 RepID=A0A1T0A091_9GAMM,MEANDGSIIPILFTSLPANANPVTASERLLSSMGDPLAFSHGKDPAELMKIVNDLLRECRVELIIIDEFQHMIDRKSKDVLHSTADWLKMIIIDSKIPVVLFGMPYSTEILRVNNQLRGRFESQHHLKPFRVKDTSELIRYKTFMTMLDAALPFLEESGLASEDIMKRVYIFSKGNMRLIRRLINKAAKFALLENAPCISLKHFARAAPKVSRDACKSFNPFDTDTKKLKIIEPPEDVGWENYLAAKGD,61.6,148,199,24.121,48,134,94,6,17,47.24,78,/stor/home/kh36969/gitrepo/META/yciA/NZ_MITO01000018.1.fna
NZ_MITO01000018.1,0..39867,tnsB,14247..12373,lcl|14247|12373|1|-1,-1,UniRef100_A0A1T5HV69,5.61e-119,UniRef100_A0A1T5HV69 tnsB Transposon Tn7 transposition protein TnsB n=1 Tax=Photobacterium piscicola TaxID=1378299 RepID=A0A1T5HV69_9GAMM,MSDDSENLYAFGSFFPEKHSNTSVPKTSKGTRFGIELQESYQDLFSFDEKRRDEAIHRYNILDYLIELHGPSLTLKKISGSMKGLADKFHPNVPSAPSIYRYWTTFKKSGFVLSSLIPGVTRGNTKQRKTLELEEYIERAIKSYFSAESPTIQQAFTLLETEIDRHNECNDTQLSFEYESFRKRIVKKTDYERLLIKKGKKAADTYYKKVGQRPETTRVLQRVEADHTRLDLFVIDDARKLPLGRPWLTLLFDTHTKSVVGFYLGFEPPGYLSVSLALENAILPKYYVKELYPEVKGEWPCYGLPEHLIVDNGAEFNSKDFVTACKNLRIKVKKNPVKKPWLKGSVERYFRTINNKLLSGIPGKSFSNIFARGDYNPQKNAIITRSDLMKVIHVWLIDIYQSSPNGLENNIPNLSWADAMRSAFPPRSFNGSIDELRFNLGKHVEISLDRNGIRLKKTLRYTSSYLAQYFGKHTYDGKSIKVKIKYNPICMGSIYVLDEDKHEFFAVESVDPDYAYSVSEWLHKVCCDYARNHIRNNYRHNDVIKAWRVIYDIIDEALHLSGNGKQANVGIRQASKLERVREHAERTKSHQKPELHMSSNDDIDWDVEVNTDGWKIDSVRGTNK,364,935,617,35.332,218,374,344,9,25,55.75,98,/stor/home/kh36969/gitrepo/META/yciA/NZ_MITO01000018.1.fna
NZ_MITO01000018.1,0..39867,tnsA,14867..14244,lcl|14867|14244|2|-1,-1,UniRef50_Q87GC1,1.63e-157,UniRef50_Q87GC1 tnsA Tn7_Tnp_TnsA_N domain-containing protein n=42 Tax=Gammaproteobacteria TaxID=1236 RepID=Q87GC1_VIBPA,MKKRIIKNSKVKNISRFVSLKTDSVQTTESDLEFDACFHFEFASHVKSFETQPLGFEYRLNGRLRRYTPDMLCYFNDGYATYYEVKPKWVTERDEFKKKFDAQKQQAIANGYDLLVLTEDDIQTYPLLDNLKIIHRYACSDSLDDVQVRILKLFQNYGEMRISQVINASQGQSASILPALYDLIAKKILEFDWHCPISHDSLVWRVS,432,1111,207,100.000,207,0,207,0,0,100.00,100,/stor/home/kh36969/gitrepo/META/yciA/NZ_MITO01000018.1.fna
NZ_MITO01000018.1,0..39867,tniQ,35545..36579,lcl|35545|36579|1|1,1,tr|A0A2W1D0I8|A0A2W1D0I8_9PLEO,1.89e-15,tr|A0A2W1D0I8|A0A2W1D0I8_9PLEO tniQ Pectate lyase OS=Pyrenophora tritici-repentis OX=45151 GN=A1F97_07859 PE=3 SV=1,MTNATNRRIVLASRPHGAPTTENFRLEEVAKPVPQAGEMLLRTVYLSLDPYMRGRMSDAESYAEPVALDDVMIGGTVCQVEASNHPDYEAGEWVLAYTVGWQDYAISTGEMVIKLGKEPQNPSYALGVAGMPGFTAYMGLLDIGQPKPGETIVVAAATGPVGATVGQIGKIKDCRVVGIAGGEEKCRYAKEVLGFDECIDHKADDFEQQLKDACYNGIDVYFENVGGKVFEAVMPLLNTSARIPLCGLISQYNATELPEGTDHLPLLMGKLLTKRIKVQGFIIFDDYGHRYGEFAQDINQWLAEGKIQYREHLVEGLDNAPEAFIGLLEGKNFGKLVVKINDPL,74.3,181,299,24.415,73,201,134,10,25,44.82,84,/stor/home/kh36969/gitrepo/META/yciA/NZ_MITO01000018.1.fna
NZ_MITO01000018.1,0..39867,cas5,5110..6063,lcl|5110|6063|1|1,1,"gi|28901243|ref|NP_800898.1|CAS-I-F|cas5f|G5,CASCADE",0.0,"gi|28901243|ref|NP_800898.1|CAS-I-F|cas5f|G5,CASCADE cas5",MATLAEILDNKTDDLNKDLRRAFRPLSAPVDISDTPIEALTILVNLTDRVIEQKNLLDRQKCKDKLRDEKWWANCFRTVKYRQSHNPKFPDIRANGVIRAAPVGHLPACMLSSSKLPQNSWAYANDSSQMNKSCFLTSEFIWNGDVHCLGQLLTELEHPLWNVLRKLGCYVKTAKYISKELALIPPLEINTSLVRNYLAQISLPNNEDSYISLSPVVSQSMQEDCYQVLSEHYRFSAITRFSRATNMGTLAMSCGGKFKMIRSLPPIEKYQHHHLDSVNWLTKRSVRAIRDYTESSVWVISPNKLALKKNQSLETLK,644,1662,317,97.476,309,8,312,0,0,98.42,100,/stor/home/kh36969/gitrepo/META/yciA/NZ_MITO01000018.1.fna
NZ_MITO01000018.1,0..39867,cas5,6060..7031,lcl|6060|7031|3|1,1,"gi|28901243|ref|NP_800898.1|CAS-I-F|cas5f|G5,CASCADE",0.0,"gi|28901243|ref|NP_800898.1|CAS-I-F|cas5f|G5,CASCADE cas5",MMLSQWLRTTPTHEEKLDIRKLTERFNVDLAKTKFANRYAYDPLLTQLIYNCIGSIIHSPPQYAPKCEGNDDKYLLLPNLRISGASAMNTSVSIGIPSMMAFYGFVHAFQRNVQTANPNFKIESFAVCIHNIHVENRGLTREWVPNTKGQITAPATRDDWQCDVAVSLILRCSHYSQLIPRDFIRLLPGRIARGKVTVSISDIKHLGRCLSLADAIKAIPVETGRWLSLNNEVTLNSIQDVIDELKNNKLQTVNCIGYHRLETPCEKRGSLHGYKHAFVETILGIIKFLTISENTNPSQYFWQYHYSKQGPILLPRSVSDETS,678,1750,323,100.000,323,0,323,0,0,100.00,100,/stor/home/kh36969/gitrepo/META/yciA/NZ_MITO01000018.1.fna
NZ_MITO01000018.1,0..39867,cas7,7018..8061,lcl|7018|8061|1|1,1,"gi|28901244|ref|NP_800899.1|CAS-I-F|cas7f|G7,CASCADE",0.0,"gi|28901244|ref|NP_800899.1|CAS-I-F|cas7f|G7,CASCADE cas7",MKLPNGLSYMKSIEASDVIFLVNWPDGRKTPLPYTSRVALGMKEGSKSAYKYDGQIDADVTAYSLAQGNPHEIDFCCVPYGAESIECEFSVSFASSLRKPFKCSDPEVKRTLVQLIKLYEEKVGWEELANRFLENICNGRWLWRNNECTYSTSIGIKPWPWEDEKAISPFHDIRKNYAGTNHFRDHKDWDNLIKLITDAFSQPNGLCIFEVSATFRLGTNAPIYPSQVFKDSVKGEKNRIYQSTDVDGESSPILGCYKTGAAIATIDDWYPDADKPIRISHYGAHREDVYCYRHPNTGKDLFTLLEKADQYLEQLQATDVLPDEMINDLHFIVANLIKGGLLQQKGT,727,1876,347,100.000,347,0,347,0,0,100.00,100,/stor/home/kh36969/gitrepo/META/yciA/NZ_MITO01000018.1.fna
NZ_MITO01000018.1,0..39867,cas6,8065..8661,lcl|8065|8661|1|1,1,gi|28901245|ref|NP_800900.1|CAS-I-F|cas6f|cas6,1.24e-150,gi|28901245|ref|NP_800900.1|CAS-I-F|cas6f|cas6 cas6,MDWHYRTITFLPEYRNNEAIAAKCIKELHRFNYKYETRSIGVSFPLWGQETVGRKITFVSTNKMELDFLISRRYFVQMTKLGYFSISTTQTVPDDCSYVLFKRAHSIDKGTFAGRARELKRLERRALERGEIFDPIAYSKTTSHAFQSYHSLEEDSSSGNKFRLNIQMKERSGTVGTGKFSSYGLGNTDNSLQVVPLI,414,1064,198,100.000,198,0,198,0,0,100.00,100,/stor/home/kh36969/gitrepo/META/yciA/NZ_MITO01000018.1.fna
NZ_MITO01000018.1,0..39867,parE,9994..11367,lcl|9994|11367|1|1,1,WP_183466676.1,2.78e-40,WP_183466676.1 parE DEAD/DEAH box helicase family protein [Mycolicibacterium iranicum],MLRDWQRNCIKEALGKYKSGYKHFLTQATPGAGKTIMAAYLSKQLLDSNMIDLIICFSPSVNVANGFTRTFSRVLQCSFNGSLGALGTSLTYQAIQYLDEQFWETISKHRVLAIFDEIHHCSGETLSDANAWGEQIILKVQKASKYTLALTGTPWRSDSLPISLSSYSNPEGKIICDYQYTLKQAITDRVCRKPKLVLVDNEQLQYVSPEESKYYSSIQALFKEQKISYSSILQDTDALVHILKLSASKLLSIRASNQDAGGLIVASSVAHARQIQTILNEQLKQPSVMVSYHDPDAQKIIEQFKNGHSPWIISIGMISEGTDIPRLQVCCHLSNVRTELYFRQVLGRILRITDSNNQEAWLYTLAEENLVKFAEEIEQDIPDSCLYIKQPEDKEEEDAHSLETSSSHTVRTFSKLGNFKWNNSDTSAQVGNENSVPYGSFTLGRFRERVIEAFVGI,149,377,393,30.789,121,243,181,12,29,46.06,82,/stor/home/kh36969/gitrepo/META/yciA/NZ_MITO01000018.1.fna
NZ_MITO01000018.1,0..39867,yciA,15009..15494,lcl|15009|15494|3|1,1,WP_011072708.1,5.00e-88,WP_011072708.1 yciA acyl-CoA thioesterase [Shewanella oneidensis],MSSGQRDITLRFLAEPGDVNFGGKVHGGAVMKWIDLAAYACSAAWSGKYCITAYAGGIRFVAPIHVGNLVEVSAKVIYTGRSSMHIAIDVQASDPKQMKNRLTTHCIVIMVAVDESGKPTDIPKWIPESDEDKALEQSAIRLMNMRKEIGEEMEAHVKYLK,252,643,158,74.051,117,41,135,0,0,85.44,98,/stor/home/kh36969/gitrepo/META/yciA/NZ_MITO01000018.1.fna
