NZ_VRMZ01000003.1,0..55949,tniQ,4339..3305,lcl|4339|3305|3|-1,-1,tr|A0A2W1D0I8|A0A2W1D0I8_9PLEO,1.15e-15,tr|A0A2W1D0I8|A0A2W1D0I8_9PLEO tniQ Pectate lyase OS=Pyrenophora tritici-repentis OX=45151 GN=A1F97_07859 PE=3 SV=1,MTNATNRRIVLASRPHGAPTTENFRLEEVAKPVPQAGEMLLRTVYLSLDPYMRGRMSDAESYAEPVALDDVMIGGTVCQVEASNHPDYEAGEWVLAYTVGWQDYAISTGEMVIKLGKEPQNPSYALGVAGMPGFTAYMGLLDIGQPKPGETIVVAAATGPVGATVGQIGKIKGCHVVGIAGGEEKCRYAKEVLGFDECIDHKADDFEQQLKDACYNGIDVYFENVGGKVFEAVMPLLNTSARIPLCGLISQYNATELPEGTDHLPLLMGKLLTKRIKVQGFIIFDDYGHRYGEFAQDINQWLAEGKIQYREHLVEGLDNAPEAFIGLLEGKNFGKLVVKINDPL,75.1,183,299,24.415,73,201,134,10,25,44.82,84,/stor/home/kh36969/gitrepo/META/yciA/NZ_VRMZ01000003.1.fna
NZ_VRMZ01000003.1,0..55949,tnsA,25000..25623,lcl|25000|25623|1|1,1,UniRef50_Q87GC1,6.42e-157,UniRef50_Q87GC1 tnsA Tn7_Tnp_TnsA_N domain-containing protein n=42 Tax=Gammaproteobacteria TaxID=1236 RepID=Q87GC1_VIBPA,MKKRIIKNSKVKNISRFVSLKTDSVQTTESDLEFDACFHFEFASHVKSFETQPLGFEYRLNGRLRRYTPDMLCYFNDGYATYYEVKPKWVTERDEFKKKFDAQKQQAIANGYDLLVLTEDDIQTYPLLDNLKIIHRYACSDSLDNVQVRILKLFQNYGEMRISQVINASQGQSASILPALYDLIAKKILEFDWHCPISHDSLVWRVS,431,1107,207,99.517,206,1,207,0,0,100.00,100,/stor/home/kh36969/gitrepo/META/yciA/NZ_VRMZ01000003.1.fna
NZ_VRMZ01000003.1,0..55949,tnsB,25620..27494,lcl|25620|27494|3|1,1,UniRef100_A0A1T5HV69,7.11e-119,UniRef100_A0A1T5HV69 tnsB Transposon Tn7 transposition protein TnsB n=1 Tax=Photobacterium piscicola TaxID=1378299 RepID=A0A1T5HV69_9GAMM,MSDDSENLYAFGSFFPEKHSNTSVPKTSKGTRFGIELQESYQDLFSFDEKRRDEAIHRYNILDYLIELHGPSLTLKKISGSMKGLADKFHPNVPSAPSIYRYWTTFKKSGFVLSSLIPGVTRGNTKQRKTLELEEYIERAIKSYFSAESPTIQQAFTLLETEIDRHNECNDTQLSFEYESFRKRIVKKTDYERLLIKKGKKAADTYYKKVGQRPETTRVLQRVEADHTRLDLFVIDDARKLPLGRPWLTLLFDTHTKSVVGFYLGFEPPGYLSVSLALENAILPKYYVKELYPEVKGEWPCYGLPEHLIVDNGAEFNSKDFVTACKNLRIKVKKNPVKKPWLKGSVERYFRTINNKLLSGIPGKSFSNIFARGDYNPQKNAIITRSDLMKVIHVWLIDIYQSSPNGLENNIPNLSWADAMRSAFPPRSFNGSIDELRFNLGKHVEISLDRNGIRLKKTLRYTSSYLAQYFGKHTYDGKSIKVKIKYNPICMGNIYVLDEDKHEFFAVESVDPDYAYSVSEWLHKVCCDYARNHIRNNYRHNDVIKAWRVIYDIIDEALHLSGNGKQANVGIRQASKLERVREHAERTKSHQKPELHMSSNDDIDWDVEVNTDGWKIDSVRGTNK,364,934,617,35.332,218,374,344,9,25,55.75,98,/stor/home/kh36969/gitrepo/META/yciA/NZ_VRMZ01000003.1.fna
NZ_VRMZ01000003.1,0..55949,tnsB,27695..28444,lcl|27695|28444|2|1,1,UniRef100_A0A1T0A091,2.09e-11,UniRef100_A0A1T0A091 tnsB Transposon Tn7 transposition protein tnsB n=1 Tax=Moraxella caviae TaxID=34060 RepID=A0A1T0A091_9GAMM,MEANDGSIIPILFTSLPANANPVTASERLLSSMGDPLAFSHGKDPAELMKIVNDLLRECRVELIIIDEFQHMIDRKSKDVLHSTADWLKMIIIDSKIPVVLFGMPYSTEILRVNNQLRGRFESQHHLKPFRVKDTSELIRYKTFMTMLDAALPFLEESGLASEDIMKRVYIFSKGNMRLIRRLINKAAKFALLENAPCISLKHFARAAPKVSRDACKSFNPFDTDTKKLKIIEPPEDVGWENYLAAKGD,61.6,148,199,24.121,48,134,94,6,17,47.24,78,/stor/home/kh36969/gitrepo/META/yciA/NZ_VRMZ01000003.1.fna
NZ_VRMZ01000003.1,0..55949,tniQ,35949..34759,lcl|35949|34759|1|-1,-1,tr|S5IUU9|S5IUU9_VIBPH,0.0,tr|S5IUU9|S5IUU9_VIBPH tniQ Uncharacterized protein OS=Vibrio parahaemolyticus O1:Kuk str. FDA_R31 OX=1338034 GN=M634_16400 PE=4 SV=1,MMLLQRPKSYPDESLESFFIRVANKNGYNDVHWFLVAVKRYLLDIDPRKFQTFPTDICCINPYSSKKHSISRTHALHHLSQLTFNEPVDLLGIALNRNQMQFSPSTTALIRGAEVIPRSLLRKGAIPCCPCCLGEHGYASYRWHFSGYEYCHEHNVKLIERCSCGAIYDYRYAGLSGVCTECGENISASQENHEPKATRIASWLAGDDVKPLPDVPLSYRWGFMHWWSQISSSCKTRNNGEFLAFWEHWPNSFHKLIGKEIDFNFEYCVLSKNDLRVKDILGKILFSSIQLPDRNFRSNIILKEMFQYIETHLWDDNGKLANLRMNMLEICVLLNCSREQVTSMIEQGLLPPNRQLGKREILIVTEYAFYLGDVYCLWLSEFQSDEFNRSFYLSRW,787,2032,396,94.697,375,21,386,0,0,97.47,100,/stor/home/kh36969/gitrepo/META/yciA/NZ_VRMZ01000003.1.fna
NZ_VRMZ01000003.1,0..55949,cas6,31802..31206,lcl|31802|31206|2|-1,-1,gi|28901245|ref|NP_800900.1|CAS-I-F|cas6f|cas6,2.25e-149,gi|28901245|ref|NP_800900.1|CAS-I-F|cas6f|cas6 cas6,MDWHYRTITFLPEYRNNEAIAAKCIKELHRFNYKYETRSIGVSFPLWGQETVGRKITFVSTNKMELDFLISRRYFVQMTKLGYFSISTTQTVPDDCSYVLFKRAHSIDKGTSAGRARELKRLERRALERGEIFDPIAYSKTTSHAFQSYHSLEEDSSSGNKFRLNIQMKERSGTVGTGKFSSYGLGNTDNSLQVVPLI,411,1056,198,99.495,197,1,197,0,0,99.49,100,/stor/home/kh36969/gitrepo/META/yciA/NZ_VRMZ01000003.1.fna
NZ_VRMZ01000003.1,0..55949,cas7,32849..31806,lcl|32849|31806|2|-1,-1,"gi|433660433|ref|YP_007301292.1|CAS-I-F|cas7f|G7,CASCADE",0.0,"gi|433660433|ref|YP_007301292.1|CAS-I-F|cas7f|G7,CASCADE cas7",MKLPNGLSYMKSIEASDVIFLVNWPDGRKTPLPYTSRVALGMKEGSKSAYKDDGQIDADVTAYSLAQGNPHEIDFCCVPYGAESIECEFSVSFASSLRKPFKCSDPEVKRTLVQLIKLYEEKVGWEELANRFLENICNGRWLWRNNECTYSTSIGIKPWPWEDEKAISPFHDIRKNYAGTNHFRDHKDWDNLIKLITDAFSQPNGLCIFEVSATFRLGTNAPIYPSQVFKDSVKGEKNRIYQSTDVDGESSPILGCYKTGAAIATIDDWYPDADKPIRISHYGAHREDVYCYRHPNTGKDLFTLLEKADQYLEQLQATDVLPDEMINDLHFIVANLIKGGLLQQKGT,726,1875,347,100.000,347,0,347,0,0,100.00,100,/stor/home/kh36969/gitrepo/META/yciA/NZ_VRMZ01000003.1.fna
NZ_VRMZ01000003.1,0..55949,cas5,34758..32836,lcl|34758|32836|1|-1,-1,"gi|433660432|ref|YP_007301291.1|CAS-I-F|cas5f|G5,CASCADE",0.0,"gi|433660432|ref|YP_007301291.1|CAS-I-F|cas5f|G5,CASCADE cas5",MATLAEILDNKTDDLNKDLRRAFRPLSAPVDISDTPIEALTILVNLTDRVIEQKNLLDRQKCKDKLRDEKWWANCFRTVKYRQSHNPKFPDIRANGVIRAAPVGHLPACMLSSSKLPKNSWAYANDSSQMNKSCFLTSEFIWNGDVHCLGQLLTELEHPLWNVLRKLGCYVKTAKYISKELALIPPLEINTSLVRNYLAQISLPNGEDSYISLSPVVSQSMQEDCYQVLSEHYRFSAITRFSRATNMGTLAMSCGGKFKMIRSLPPIEKYQHHHLDSVNWLTKRSVRAIRDYTESSVWVISPNKLALRKKSIIGDIKMMLSQWLRTTPTHEEKLDIRKLTERFNVDLAKTKFANRYAYDPLLTQLIYNCIGSIIHSSPQYAPKCEGNDDKYLLLPNLRISGASAMNTSVSIGIPSMMAFYGFVHAFQRNVQTANPNFKIESFAVCIHNIHVENRGLTREWVPNTKGQITAPATRDDWQCDVAVSLILRCSHYSQLIPRDFIRLLPGRIARGKVTVSISDIKHLGRCLSLADAIKAIPVETGRWLSLNNEVTLNSIQDVIDELKNNKLQTVNCIGYHRLETPCEKRGSLHGYKHAFVETILGIIKFLTISENTNPSQYFWQYHYSKQGPILLPRSVSDETS,1333,3450,640,100.000,640,0,640,0,0,100.00,100,/stor/home/kh36969/gitrepo/META/yciA/NZ_VRMZ01000003.1.fna
NZ_VRMZ01000003.1,0..55949,yciA,24858..24373,lcl|24858|24373|1|-1,-1,WP_011072708.1,3.12e-88,WP_011072708.1 yciA acyl-CoA thioesterase [Shewanella oneidensis],MSSGQRDITLRFLAEPGDVNFGGKVHGGAVMKWIDLAAYACSAAWSGKYCITAYAGGIRFVAPIHVGNLVEVSAKVIYTGRSSMHIAIDVQASDPKQMKNRLTTHCIVIMVAVDESGKPTDVPKWIPESDEDKALEQSAIRLMNMRKEIGEEMEAHVKYLK,252,644,158,74.684,118,40,135,0,0,85.44,98,/stor/home/kh36969/gitrepo/META/yciA/NZ_VRMZ01000003.1.fna
NZ_VRMZ01000003.1,0..55949,parE,29873..28500,lcl|29873|28500|2|-1,-1,WP_183466676.1,2.92e-40,WP_183466676.1 parE DEAD/DEAH box helicase family protein [Mycolicibacterium iranicum],MLRDWQRNCIKEALGKYKSGYKHFLTQATPGAGKTVMAAYLSKQLLDSNMIDLIICFSPSVNVANGFTRTFSRVLQCSFNGSLGALGTSLTYQAIQYLDEQFWETISKHRVLAIFDEIHHCSGETLSDANAWGEQIILKVQKASKYTLALTGTPWRSDSLPISLSSYSNPEGKIICDYQYTLKQAITDRVCRKPKLVLVDNEQLQYVSPEESKYYSSIQALFKEQKMSYSSIVQDTDALVHILKLSASKLLSIRASNQDAGGLIVASSVAHARQIQTILNEQLKQPSVMVSYHDPDAQKIIEQFKNGHSPWIISIGMISEGTDIPRLQVCCHLSNVRTELYFRQVLGRILRITDSNNQEAWLYTLAEENLVKFAEEIEQDIPDSCLYIKQPEDKEEEDAHSLETSSSHTVRTFSKLGNFKWNNSDTSAQVGNENSVPYGSFTLGRFRERVIEAFVGI,149,377,393,30.025,118,246,181,11,29,46.06,82,/stor/home/kh36969/gitrepo/META/yciA/NZ_VRMZ01000003.1.fna
NZ_VRMZ01000003.1,0..55949,CRISPR array,30936..31076,,,,,"Copies: 3, Repeat: 29, Spacer: 30",ATTATCAGCTACCTATTCGGCAGTTCACT,,,,,,,,,,,,/stor/home/kh36969/gitrepo/META/yciA/NZ_VRMZ01000003.1.fna
