ERZ917608.31224,0..59311,tr|A0A373VU48|A0A373VU48_9FIRM XRE family transcriptional regulator OS=Eubacterium sp. AF17-7 OX=2293105 GN=DWW96_10710 PE=4 SV=1,7342..6854,lcl|7342|6854|3|-1,-1,tr|A0A373VU48|A0A373VU48_9FIRM,8.72e-46,tr|A0A373VU48|A0A373VU48_9FIRM XRE family transcriptional regulator OS=Eubacterium sp. AF17-7 OX=2293105 GN=DWW96_10710 PE=4 SV=1,MNLKDIRRIKKLSQQDVSDILDISKRTIEDWETGKRKAPDYVLNLISDKLLNMTKKEIEEEKTYCVIEHSKSTGAKIIFVGDRNDCLNLEDEKRKKLTQEQQLTINYSTERYKKYLQELDYSRELSKYSAELSVEEKKKTISKAGRTYLKYIWDFQKKYYNK,156,395,162,48.148,78,84,111,0,0,68.52,100,/stor/scratch/Wilke/contig/database/metagenomic_contig_database/EMBL_EBI/EBI2/zb/ERZ917/ERZ917608/contig.fa.gz
ERZ917608.31224,0..59311,tr|A0A414ED37|A0A414ED37_9FIRM Uncharacterized protein OS=Blautia obeum OX=40520 GN=DW799_14850 PE=4 SV=1,11432..11947,lcl|11432|11947|2|1,1,tr|A0A414ED37|A0A414ED37_9FIRM,1.53e-78,tr|A0A414ED37|A0A414ED37_9FIRM Uncharacterized protein OS=Blautia obeum OX=40520 GN=DW799_14850 PE=4 SV=1,MAGYRGWSMSNNAVTAYENGEMPISKWTKTNIFEAMQEQEVELKCSMEKLRKLPVKVLKEICLEYSSWHHTSNHYNETEFYSLNIDRIESLTDENIEELIESYKAEKKTEIKPLEEKWRCAFLEWSGTRKHPKATEVIEDGVIKGNWFYRKDGTKKKTTANGFKRIERIKD,240,612,169,63.905,108,60,146,1,1,86.39,99,/stor/scratch/Wilke/contig/database/metagenomic_contig_database/EMBL_EBI/EBI2/zb/ERZ917/ERZ917608/contig.fa.gz
ERZ917608.31224,0..59311,tr|A0A416A0K2|A0A416A0K2_9CLOT Uncharacterized protein OS=Clostridium sp. AF50-3 OX=2293021 GN=DW085_02090 PE=4 SV=1,12167..12652,lcl|12167|12652|2|1,1,tr|A0A416A0K2|A0A416A0K2_9CLOT,2.16e-72,tr|A0A416A0K2|A0A416A0K2_9CLOT Uncharacterized protein OS=Clostridium sp. AF50-3 OX=2293021 GN=DW085_02090 PE=4 SV=1,MGQFSWIYSDTDKQLLDDVYADTYLLVPKPFQEKYGKAIYEKCYDGYGHFGDYDVYDLVLEWNREMIPEIIRRIKNGTWHTPRYNTEDAIKNLQAYYDGEKIECKPRKLGIYMANHDKDNAILEFPIKITTKELEYENVEPSLNDPNQGWSEDEDDCEDDY,223,569,153,70.588,108,43,123,1,2,80.39,95,/stor/scratch/Wilke/contig/database/metagenomic_contig_database/EMBL_EBI/EBI2/zb/ERZ917/ERZ917608/contig.fa.gz
ERZ917608.31224,0..59311,tr|A0A3E5AL64|A0A3E5AL64_9FIRM Uncharacterized protein OS=[Eubacterium] rectale OX=39491 GN=DW038_14690 PE=4 SV=1,12819..13091,lcl|12819|13091|3|1,1,tr|A0A3E5AL64|A0A3E5AL64_9FIRM,1.87e-35,tr|A0A3E5AL64|A0A3E5AL64_9FIRM Uncharacterized protein OS=[Eubacterium] rectale OX=39491 GN=DW038_14690 PE=4 SV=1,MAFINENGEKISYECSALIDELKHDIDEFGGNTIVAVWCKKTHGVEVYTNYDFIDETQPLKKEELKEGEFIKTMTMTALLLLFKTQNEIL,125,313,90,65.556,59,31,73,0,0,81.11,100,/stor/scratch/Wilke/contig/database/metagenomic_contig_database/EMBL_EBI/EBI2/zb/ERZ917/ERZ917608/contig.fa.gz
ERZ917608.31224,0..59311,tr|A0A5S4VRR8|A0A5S4VRR8_9FIRM Uncharacterized protein OS=[Eubacterium] rectale OX=39491 GN=FYL37_10425 PE=4 SV=1,13389..13667,lcl|13389|13667|3|1,1,tr|A0A5S4VRR8|A0A5S4VRR8_9FIRM,3.10e-31,tr|A0A5S4VRR8|A0A5S4VRR8_9FIRM Uncharacterized protein OS=[Eubacterium] rectale OX=39491 GN=FYL37_10425 PE=4 SV=1,MTIGEVKELYNGDYNDIEVYEPLSKGKHYPSEFHTDNCKCIESFSDNMEVGLYELMSQDDYNDTLMANCDIYADFDDLYGDKNAKILCIMIK,114,285,92,57.609,53,38,72,1,1,78.26,100,/stor/scratch/Wilke/contig/database/metagenomic_contig_database/EMBL_EBI/EBI2/zb/ERZ917/ERZ917608/contig.fa.gz
ERZ917608.31224,0..59311,tr|A0A413R8Q5|A0A413R8Q5_9FIRM Type V CRISPR-associated protein Cpf1 OS=Eubacterium ventriosum OX=39496 GN=DW944_05990 PE=4 SV=1,18162..14743,lcl|18162|14743|1|-1,-1,tr|A0A413R8Q5|A0A413R8Q5_9FIRM,2.14e-108,tr|A0A413R8Q5|A0A413R8Q5_9FIRM Type V CRISPR-associated protein Cpf1 OS=Eubacterium ventriosum OX=39496 GN=DW944_05990 PE=4 SV=1,MNEFLGLEEKTINICRELKPIGKTRSNIDKFKAMEDDDFIYKNKHVINDLLKKVAMEKVEKALKSISKELDFSEMFALMETLDEMQGEERGEVLQNLFAERIALLNELSTVFDFKFTNKKTIEVMLPEYVENHNFKNKDELMKMVEIIKPRQAKFERFEKNIDSLINMNLKKGSLSYRILVENPQIHLENVRLLTRFDYAGILREEPDEVISFCKNSSLDDYNSLLFQKNIDVYNYCVGVINQKLNEYCQQEKLSYSELELKTLRKLPLSERKSFFDKIPFFESDKELVESYNKLVTELNKHSFNSDVLSNDLNIYIKSNQINKYSNIVYGKWGIINDCLEEYCNEYGEKKEKLLNNISIYDINNIVEEFSEKLEIPYNNNSLQQIIEFSFANTKYAKCDIPMISLRNDECKEKYEIKKNLDKAIEFIRLLRLFDTENENFSFDAKQEVEKTLDVYNDVNLLYNMARNYIIQKGNNKIKNALSFSTSGFAGGWSESIESNKRVFLMKNDLGDKYLGIYNLLGCKANNESVSSVSRIIKESLTEEKTEKQCYRKMVYSVTSDVKKSIPRLFVNSQLPEPELTRFKKKEYNDDEKFLTFIIDFIKEKIEKHETWKSYNFKYKEHYESYDEFCNDLQKQGYILKWKYIEKSIIDELVDNGCIYLFKISSKYDRYNFKKSIHEKYIDALFSDENENGKLIKLLGNAEVFYREPQIKNPYIHKKGSILVNKHYDDGKTIGSEYSEIAKNIQGTTVDGIVAKVCDREIIKDERYTKEQFSIHIPVKIGNISSKEKVDSLAIEKLKKPHNAIVITRSNNHFLYAVVFDDKMNVLEKRSLNVVKGVNYKEKLEIAEDLKKKDASSWKEIKSTSGLMDGYISYAIREVADMVLKYDAMVVLEKATNGGSFNLLSTRTYVKFKNALINKLQFLNDVSKKDTEPGGVLNPYNLTHVDKDKDFEKELNGIVLQIPAFYMAMKDINSEFVLLKSPFAKNQSQRKNLVNKFKNFNFNNEKNVFELEYDSKKFNSKYKNTFICDSFGERIIRQNGETERVNLTDHIKQNLLENGLDFRTGENLYSIYDEQNKSHINALYESIKLILQMYNFDSNEAYYVSPVSHTIITDSNCREIVQSINLYKKAVELAKQYYI,378,971,1183,29.079,344,697,581,35,142,49.11,95,/stor/scratch/Wilke/contig/database/metagenomic_contig_database/EMBL_EBI/EBI2/zb/ERZ917/ERZ917608/contig.fa.gz
ERZ917608.31224,0..59311,tr|A0A415S9F2|A0A415S9F2_RUMGN Uncharacterized protein OS=Ruminococcus gnavus OX=33038 GN=DWZ50_08955 PE=4 SV=1,24314..26725,lcl|24314|26725|2|1,1,tr|A0A415S9F2|A0A415S9F2_RUMGN,3.72e-84,tr|A0A415S9F2|A0A415S9F2_RUMGN Uncharacterized protein OS=Ruminococcus gnavus OX=33038 GN=DWZ50_08955 PE=4 SV=1,MLSKRQKSYQVLFCLFYLEVGLNRFGKQKLRDVRESIMLEWEYERKSFIINSIFIVSFMYFFYNCIRVVLLFYELRYISVFNIFFALGNIIMTLLPFGLWVVGSSEEFFFYKDRKRRLFYYCCINFFVVVIKYAVAMASFIVIPNILSIKPGEEITASMLIWTCRIILALVVVLCFFLLKLNVWDFINTDVIMNKIMDFNIKQVYDDRDNRENLYDQRIIREINTGEIIPFLYEDRFTQQIIQGSSGTGKTSTGVNKIIWGDFVTKYNNQTKRWTEYQKMLKNNEAVLLPSSDGSINPEKIEAFPEYREKLENIRHKYMNCGHTIIGPDEDLANGCLKFCKKFGYKYYLCDPTTDDEGNHKPNFKGINPYHISNGLSYRRYIQEVPTVSSLVSDALKAVFEESGSTDVYFSGVNSTLTVHISNIIIAGMPYVENREAKLTDLRRILLDFSRIKPCLDAVIQHFGGEEDNEFAGDIDYVKTSMLGDEKLREKLHHEANGLRNTLDLLLQIPEIREALCSDDPIDFKEVIDEGGIVFVNYGYKYGKTVAKGFGLFYVMMFHNEIKKRDSDDNFLTPHFEIVDEFSMLMHSLWEETITWLRKYKLASTLCFQSNAQFEKNELTKYMGNVIQGVGQIIAYGRIDLKGGEILGNLAGKELVDVLQNTVSQNSMLSENPTYSESVRNTPTREAYIDVSELRNTDFLVVTVFTIHKGKTLPPQQGKMFFVTEKEMEKVKITNFKWDKYISNNENYLIDAPVSAETLQKNGISIGEYTFGENDDKVDEKEENEGNGAGNVGTPEDAFSQYL,295,754,717,27.476,197,469,353,14,51,49.23,86,/stor/scratch/Wilke/contig/database/metagenomic_contig_database/EMBL_EBI/EBI2/zb/ERZ917/ERZ917608/contig.fa.gz
ERZ917608.31224,0..59311,tr|A0A373B0S0|A0A373B0S0_9FIRM Uncharacterized protein OS=Clostridiales bacterium AM23-16LB OX=2306574 GN=DW644_17335 PE=4 SV=1,32323..33858,lcl|32323|33858|1|1,1,tr|A0A373B0S0|A0A373B0S0_9FIRM,5.82e-53,tr|A0A373B0S0|A0A373B0S0_9FIRM Uncharacterized protein OS=Clostridiales bacterium AM23-16LB OX=2306574 GN=DW644_17335 PE=4 SV=1,MKKEEVLNFDIIFQSWKGEIISNSENYLVREKKIRTLLKKKIPKISFKSYFSQFKEGKDLKKEFIRIGKKMAGDIIEEPAIFFNELFENTYFKFADENSQLAKRISGKISKKGYSKVYTFLCKDVPFVSTDKGCKESCLNTSYVDNEGNEYATVTDTYYLIGLVYAIKEVERLAREGFDFYQLLHQIDEKVWRKIGNDDIPHMEIPQFYSEEEAKKKLGKNAKEISCSKYRCLYSLIYEETIPLPEREVINFRKIRDKETYYFLPSWRYKDNWCLTFFMICDAVIKEQAARRINEKYERVVSGDYARSFQTKKHINKKTIEAMEKTGFNRFFGFVEFDNDVDLLKVEEIYREFKDFNKFIFGEYVSTPDTSIRFRKLGQHKATGLYYPGFDCICVDIENPYSLVHEYGHMLDYHNGIVSEKYDFQKIRADYEILFDKNVAESKKKLTGKYDKKYYLTPTEIFARCFEIYVKHKGLDNSIIEQEFDFAYPSDEHFVEMVIEYFEKFLENMKD,197,501,236,44.068,104,116,145,4,16,61.44,44,/stor/scratch/Wilke/contig/database/metagenomic_contig_database/EMBL_EBI/EBI2/zb/ERZ917/ERZ917608/contig.fa.gz
ERZ917608.31224,0..59311,tr|A0A1Q9K1G3|A0A1Q9K1G3_9FIRM Transposase OS=Anaerostipes sp. 992a OX=1261637 GN=BHF69_06835 PE=3 SV=1,34003..34311,lcl|34003|34311|1|1,1,tr|A0A1Q9K1G3|A0A1Q9K1G3_9FIRM,8.96e-58,tr|A0A1Q9K1G3|A0A1Q9K1G3_9FIRM Transposase OS=Anaerostipes sp. 992a OX=1261637 GN=BHF69_06835 PE=3 SV=1,MKGEATRQNIHKQVLKVQKIHHRIDNIRTDYINKTIAEIVKAKPSYITIEDLNVKEMMKNRHLSKAVASQKFYEFRTKLEAKCREIGIELRVVDRWYPSSNL,191,486,102,88.235,90,12,96,0,0,94.12,100,/stor/scratch/Wilke/contig/database/metagenomic_contig_database/EMBL_EBI/EBI2/zb/ERZ917/ERZ917608/contig.fa.gz
ERZ917608.31224,0..59311,tr|H1LW65|H1LW65_9FIRM DNA polymerase III subunit gamma/tau OS=Lachnospiraceae bacterium oral taxon 082 str. F0431 OX=861454 GN=dnaX PE=3 SV=1,36368..37633,lcl|36368|37633|2|1,1,tr|H1LW65|H1LW65_9FIRM,2.25e-79,tr|H1LW65|H1LW65_9FIRM DNA polymerase III subunit gamma/tau OS=Lachnospiraceae bacterium oral taxon 082 str. F0431 OX=861454 GN=dnaX PE=3 SV=1,MLYNDERPKNFDELLGQDMNKKIFKRQVETGQYSHAYLFYGHHGSGKTSSARLLARASVCQHPTENGPCGVCESCKNMENSVDYIEIDAASNTGVDAIRDKVIEAVRYQPVQLSKKIIIIDEVHMLSASAFNALLKTIEEPPKNVILFLCTTEVYKVPKTIVSRCQKFVFEAVSQDEIVNGLKKAKTHHSIDIEDEALEIIAKAANGAMRDALSILDQFKNAKNVTKQQVAEIVGFGNDDIAKRIIEMIEKGEKQEICTLVDKFLGSSNISILINSLTEEILTKVIVSDDNKYLDLMEKLSIMKSDVTPLRLKALLISKTSENRQMEDLKNRIAKLEKLVYEDEKVVSENYPKQTEKECVEFDYNELVKPEKTENQPLKNSVQNDFEEIDDADLHNQDEDSNESHETSNESSIAFDNPFGW,259,662,266,49.248,131,129,182,3,6,68.42,62,/stor/scratch/Wilke/contig/database/metagenomic_contig_database/EMBL_EBI/EBI2/zb/ERZ917/ERZ917608/contig.fa.gz
ERZ917608.31224,0..59311,tr|A0A373B4R7|A0A373B4R7_9FIRM Class I SAM-dependent methyltransferase OS=Clostridiales bacterium AM23-16LB OX=2306574 GN=DW644_14090 PE=4 SV=1,38699..39742,lcl|38699|39742|2|1,1,tr|A0A373B4R7|A0A373B4R7_9FIRM,8.14e-78,tr|A0A373B4R7|A0A373B4R7_9FIRM Class I SAM-dependent methyltransferase OS=Clostridiales bacterium AM23-16LB OX=2306574 GN=DW644_14090 PE=4 SV=1,MIENTFFQTTKNIEKAGAYYTDVEHCERLSNLFDFGTGDVCILEPSAGNGEAVKTITKNCINRKIFAVELSTEVYIGLKNDQDIFEAINCDFLQTKISHKSFSFCFANPPYIDDEGRMEIEFLKRIANYMSDGGILAYIVPYSIATNKSYLRTYLSKFEPIFEFRFDDAEYAKYRQIAFIGKRKTSSYDNDVLNEYLGRKKEDFPLIPKQWDKEKIIVGESKEENITFFTSLIFDEKLGYENLLKMKPQKNNLKNIAIEPFKDDELSNPPIMPNENSLYLLSTLGCGSGITGTAEDKDVHLQRGCAKIVKNTYQEENEDGSIDEVVRTSTQVSVTILENNGNITILE,252,643,354,40.678,144,198,217,9,12,61.30,99,/stor/scratch/Wilke/contig/database/metagenomic_contig_database/EMBL_EBI/EBI2/zb/ERZ917/ERZ917608/contig.fa.gz
ERZ917608.31224,0..59311,tr|A5Z4B4|A5Z4B4_9FIRM Single-stranded DNA-binding protein OS=Eubacterium ventriosum ATCC 27560 OX=411463 GN=EUBVEN_00539 PE=3 SV=1,40130..40570,lcl|40130|40570|2|1,1,tr|A5Z4B4|A5Z4B4_9FIRM,7.57e-69,tr|A5Z4B4|A5Z4B4_9FIRM Single-stranded DNA-binding protein OS=Eubacterium ventriosum ATCC 27560 OX=411463 GN=EUBVEN_00539 PE=3 SV=1,MNKVILMGRLTREPDVRYSTTGAEQLAIARYTLAIDRRYQKDSQNNADFIRCVTFGKSAEFAEKYFHQGTKIVVEGRIQTGSYQDKDGKTVYTVEVVAENQEFAESKQAAQNNNVSMAKENGATNGMDDFVRIPEVSDESGLPFSF,213,543,150,70.000,105,40,121,2,5,80.67,100,/stor/scratch/Wilke/contig/database/metagenomic_contig_database/EMBL_EBI/EBI2/zb/ERZ917/ERZ917608/contig.fa.gz
ERZ917608.31224,0..59311,tr|A0A415S9N8|A0A415S9N8_RUMGN Helicase ATP-binding domain-containing protein OS=Ruminococcus gnavus OX=33038 GN=DWZ50_09025 PE=4 SV=1,40620..43850,lcl|40620|43850|3|1,1,tr|A0A415S9N8|A0A415S9N8_RUMGN,0.0,tr|A0A415S9N8|A0A415S9N8_RUMGN Helicase ATP-binding domain-containing protein OS=Ruminococcus gnavus OX=33038 GN=DWZ50_09025 PE=4 SV=1,MKAKIGFQEVFLDFLIHAEEKKLVWSIYDRSAINVRSFAASSIHSTISVENQDYICPYGSKGALEGTRYIERFNSGRDVVVSALCVSKTVNEFYLITTKERMESDTYSFLMRKYPFPLKKEWMRYFLNVGVVNNVIQIHSDCVIAENKEQTVDIGFGNVKLSSLICIKFSMTQEYLERIISEGLKGKKIQITDAEVEPLNFKTLDEYYSRYGANIVKNLRTLIHPLTDINGELKTTATRSKRLYPAQANGVNALVARLKKSKYAIVNMDMGTGKTLQALATCDAYYNEKTLSANPKLSLKDIMEQDLVNYKVAVLCPPHLVDKWVSEGKEIANLECIGVKSFSQLLQINENNDLYKKGKHLFVFSKDFAKLGDTLAPIPNKTIKKQAYYRICGSCKDNYDKTVVKGWDTNKCPECGERQWVKVDHSLGKVKGMICPECGEILLKKCANLYLTEALLPEDFDKRKSFNLSCYHCGATLWGSQVKNIGDAKYIWKKYTYYTSKSHKSKTSAWILEKELQNYKRLKNIDDDEIFESNTCGPRKYSPAKYIAKHMKGFFDFFIADECHMYETSSAQGQAFETFVKNSKKTLALTGTLTNGKASGLFYMFWRLDPGKMQKLGYEFYGEQGINKWNSMYGVMEQRTRVTESEYNQSSRGTKQTRENVKPGISPQILKDFLLESVVQLQISDLSEGLPKLTEKIVNVPLEENIKNSLRMVTDKLQSYSKSEKCPAMNMLALQYQLFYSDKPYQMHEIKSPIKRNEIVCEPKNYPQYKEMRLLNKEIELCDIVEKELQENRNCYIYVEKTGRETDFFLLERIKSILTKNVAGAKVLTLEANTVAATKRESWFKKQVEDKDYNIIISNPRLVETGIDFVWESNGVVYNFPTLIFYQSGFKLDTLWQASRRAYRLIQKQECRTYYMCSDGTMQLDVLQLMAEKQVSVSAIQGGEFSARGLASMAKGVDPKIELARRLKNGKKANIDEVQNMFKAISLSASNKFSKSIKNLLISDVTSKSCIYGIVNKQNTITMDFIEKFNNFSVIEKKEATKKLRKEDNKERKKKNKKVDLAEGQIGFFDIFKGGF,589,1519,1065,34.742,370,633,578,26,62,54.27,96,/stor/scratch/Wilke/contig/database/metagenomic_contig_database/EMBL_EBI/EBI2/zb/ERZ917/ERZ917608/contig.fa.gz
ERZ917608.31224,0..59311,tr|R6W461|R6W461_9CLOT Uncharacterized protein OS=Clostridium sp. CAG:91 OX=1262845 GN=BN808_01578 PE=4 SV=1,46768..47187,lcl|46768|47187|1|1,1,tr|R6W461|R6W461_9CLOT,7.27e-54,tr|R6W461|R6W461_9CLOT Uncharacterized protein OS=Clostridium sp. CAG:91 OX=1262845 GN=BN808_01578 PE=4 SV=1,MRKIKYFDNELSIEEYIKMQICKNAGTQSFAYKDQLCDLCEKMGITYSDKLKKDELFDLLIVNGCDYTLLAQKYGVGVSSKNYQDTFAITHKDVKRLEKKGILKVVGEYRFRAYGKYMYAPLYDIFQFASISEEVIKNI,175,444,139,56.835,79,60,109,0,0,78.42,100,/stor/scratch/Wilke/contig/database/metagenomic_contig_database/EMBL_EBI/EBI2/zb/ERZ917/ERZ917608/contig.fa.gz
ERZ917608.31224,0..59311,tr|A0A415S9F5|A0A415S9F5_RUMGN Uncharacterized protein OS=Ruminococcus gnavus OX=33038 GN=DWZ50_09050 PE=4 SV=1,49721..50965,lcl|49721|50965|2|1,1,tr|A0A415S9F5|A0A415S9F5_RUMGN,2.51e-32,tr|A0A415S9F5|A0A415S9F5_RUMGN Uncharacterized protein OS=Ruminococcus gnavus OX=33038 GN=DWZ50_09050 PE=4 SV=1,MNINSILNIIMFLSIAFGVVFFGGYFILRKKNIKFKTKSEDKSNYDDFEKKDSVEYIGGSDIIDTPSGGIIIDKKSERYIAVISSVGSEWYSASIDEKVSRIRSEIARTGMITGNMQIWQYPKSVDLDYQIEEYEKRKEVLEERVLNLQADFEEMQENAQWISDDDIDIYYEEVKKLRKKLYSTDQQRKNVCEQLEYLKKNSGKKAKQESSIVYVYEWIYDPNNFTDELDEGSILAQAEKELRIMGNKHMEALASSSVYAKRMSKFEIVEAIRKQTHPMYSEKFDLKKILDSSAVDMVVDSDSLFEYEQAQLEEEKENKKVEQALLNLNPEKKKRYDEILDGKISIPVECKECKRKTYIYVDNEQYGRLRRYLKGEGLIQDMLFDLSVEDREILLTGVCKKCQTKMSKRENTET,134,338,336,29.464,99,216,185,8,21,55.06,80,/stor/scratch/Wilke/contig/database/metagenomic_contig_database/EMBL_EBI/EBI2/zb/ERZ917/ERZ917608/contig.fa.gz
ERZ917608.31224,0..59311,tr|A0A426DSL3|A0A426DSL3_9FIRM Uncharacterized protein OS=Schaedlerella arabinosiphila OX=2044587 GN=EBB54_00195 PE=4 SV=1,50996..53326,lcl|50996|53326|2|1,1,tr|A0A426DSL3|A0A426DSL3_9FIRM,1.64e-127,tr|A0A426DSL3|A0A426DSL3_9FIRM Uncharacterized protein OS=Schaedlerella arabinosiphila OX=2044587 GN=EBB54_00195 PE=4 SV=1,MEKLINIYLLVFGISIFMFMLLIALLIGTIFKYLKEKKESNTFEKFSDEDLAKFSEVEHDVFDKKRVLKQLAAPDGVNPDPLSYLVINDGGIDVYVRTFTILTLPNKLKFAKTWATIADYENAVTSIFIRPMTNKESIKQLDNHINVLEGEIIHASKPEINDRNRIRKLKRQQSKTEMWSERIDDDEDAFFKVGFLITLKAPSLSKLNMLSDSFHMEVSKMGGTMEISSCYGMQSEAYRSNLPFNRILKSKGNIALPVHWHLLNRKALASLYNHKYERFVHKDGVPVGRGLFNQYLTLWDAYDPSHTHGYSVMFCGPMGVGKSTLIKLLVGRFIARWDYKFVCIDSQNINGHGEYALTALMNNGTVFELKSGAKIRLNFFDIDVEKVLEKNKKTEKSVLDLLNKKSELLWVFESMARLQEADFATKSFVREAMQNAINEVYADKGIIDGNPDSLYEKGKTMSNGKIVSGKVKKKVPIYSDFMKKLIIDHANEYDLDKKRAKSIAISNMALFVEGLYYSEKSTKFFTKEEFYSLPEKEINSKKVRTALINGEEEVVLAMEGPYPFFDGESNESINRDCPFTEYDISSLPENVQELVRPLLLTYIEENFIKKNDEDISVARKMVVIFDEAKKHWDVGESLRKQSEHITRTCRKKNVGLWWSTQACADAGKYNETANIFKLSDVKFVFQQSRSDEEYLKTTLPLTEVQRERLYHINGTKKKGENIFSEPGEVCLIDGEVVTFLKVQILNETEEMAIETDMNKLAKKYGKEALYWNDQAV,407,1046,694,35.303,245,420,396,13,29,57.06,89,/stor/scratch/Wilke/contig/database/metagenomic_contig_database/EMBL_EBI/EBI2/zb/ERZ917/ERZ917608/contig.fa.gz
ERZ917608.31224,0..59311,tr|A0A351TFA7|A0A351TFA7_9FIRM Uncharacterized protein OS=Lachnospiraceae bacterium OX=1898203 GN=DCZ91_01015 PE=4 SV=1,53593..56016,lcl|53593|56016|1|1,1,tr|A0A351TFA7|A0A351TFA7_9FIRM,5.84e-44,tr|A0A351TFA7|A0A351TFA7_9FIRM Uncharacterized protein OS=Lachnospiraceae bacterium OX=1898203 GN=DCZ91_01015 PE=4 SV=1,MLKHFNLDIDTVVLGRLSYDNNEPNLLRFEFSKGNVYAIFGLKVYRTFTSIAFIVLVLMFGATAVKYMGKGTAQARQNAKGEFSGILSMFIVIALMPFIWDIAIFLRDLLMYSIKNMLSSSIGIPKLSLWDIMDYAYEQSGKGLIPASLCLGSAILTLSFIFDYLNIALSDTLLCIAFPAICLNNGEKRKRGIENWMSLCTGNLAVPVADLILIMLVSSFPLILGSGLKISIIQLVLAWNIRRSRNELLSYMGIRTSQASGLGGLMGIMAAGKLLKGAINGIKSISGSVGAAYSDHKNAQIEDELDSMGTGDESQQTEKSNRYNDEEMNGVRSDGEPLDDSQEGATSDEPDEEMSDLRSDEMDGVDELDDEAVGTDIPDENKDSEDNDENSSEPLDNMSPQDEIEKLQGDNDQLAMDNQQIDRDIANANDDVHKNNREIEKLDDINQNKEKQLEELVANGEGDSDKAQKIKNDIDRNNQRIATLKGRNQDLNREIGSLQGTKLQNLQKMRGNNSKIYEQQGIIQSNSNYGSQFTNRYNPDTATPEQQRLHEIALKRANIKNFDSPQFEGMLSHKEMSDFYKKRARKQIIQAGTKTVGMAAGATLGAATMSWMGPQYMAYGAVAGLKGGEGLGTGAGALINMTVTGAKKLNNSHNAEAVDGEFTSYSDYSGREPGTENIPIKQRMAKGHEWEPVNDSNVPKFTPENIIEPIDKGGIFVNNSNSSLEERMNTSAEAVKLYDLNVERKEKMLSSLKKSIDVAIRNNEIASDDVPEYIQRRYSGGITKLSEADQKKVQGFIDEVVDYWKNN,182,463,607,26.524,161,395,290,22,51,47.78,73,/stor/scratch/Wilke/contig/database/metagenomic_contig_database/EMBL_EBI/EBI2/zb/ERZ917/ERZ917608/contig.fa.gz
ERZ917608.31224,0..59311,CRISPR array,14447..14609,,,,,"Copies: 3, Repeat: 36, Spacer: 27",ATCTAACAAGTAGACATTTTAAATTATTATTTAAAT---,,,,,,,,,,,,/stor/scratch/Wilke/contig/database/metagenomic_contig_database/EMBL_EBI/EBI2/zb/ERZ917/ERZ917608/contig.fa.gz
ERZ917608.31224,0..59311,CRISPR array,49180..49254,,,,,"Copies: 2, Repeat: 17, Spacer: 40",----------------------AATATTATTTAAATTAT,,,,,,,,,,,,/stor/scratch/Wilke/contig/database/metagenomic_contig_database/EMBL_EBI/EBI2/zb/ERZ917/ERZ917608/contig.fa.gz
