AIDL02000029.1,0..77964,tniQ,20000..21193,lcl|20000|21193|2|1,1,tr|A0A4R2FBT7|A0A4R2FBT7_9VIBR,0.0,tr|A0A4R2FBT7|A0A4R2FBT7_9VIBR tniQ TniQ protein OS=Vibrio crassostreae OX=246167 GN=EDB37_101335 PE=4 SV=1,MKNIFLIRPSINSTESLESFFIRVANKNGYGDVHRFLEATKRFLQDIDHNGYQTFPTDIAKINPCSAKSSSSARTASLLKLAQLTFNEPTELLGLAINRTNLKYSPSTSAVVRGSEVFPRSLLRTKSIPCCPWCLQQNGYASYLWHFEGYDHCHIHNVPLLNNCRCGAEYDYRVSGLSGMCGSCEAPIAIKSREKSHNATLSVANWLAGNESKDLPDLPPSYRWGLVHWWIHISNDPFEHLSFVQFFSNWPSSFHSIIDSEIEFNLEHAIVGRKELRVKDLIGRILFSSIRLPERNLKSNIVLGELLRHVEAHLWDNEGLLANLRMNALEATVFLNCSIDEVTSMVEQRILKPNRKTKPNMPLAVNDYLFYFGDIFCLWLAEFQTDEFNRSFYVSRW,797,2058,394,97.462,384,10,388,0,0,98.48,99,/stor/home/kh36969/gitrepo/NCBI/guaC/AIDL02000029.1.fna
AIDL02000029.1,0..77964,tnsB,28858..27866,lcl|28858|27866|3|-1,-1,UniRef100_A0A1T0A091,2.76e-16,UniRef100_A0A1T0A091 tnsB Transposon Tn7 transposition protein tnsB n=1 Tax=Moraxella caviae TaxID=34060 RepID=A0A1T0A091_9GAMM,MNETREARISKAKRAFVSTPNVTKILGYMDRCRDLSDFESEPTCMMVFGASGVGKTTVIKKYLSQNNRDSKVRGEIVPVLHIELPDNAKPIDAARELLLEMGDPLALYDTDLARLTKKLTDLIPLVGVKLIIIDEFQHLVEERSNRILTQVGNWLKMILNRTKCPIVLFGMSYSKVVLKANSQLHGRFSIQCELRPFSYQGGEGVFKKFLENLDKLLPFVKEAGLAEKNLQKKLYAFSEGNMRSLRNLIYQASVNAIDNHRATIIYEDLVFAAELTCSNKPYTWKNPFENGVKVTEEMLRPPPKDIGWEDYLKNTNSRSKSKLNGGNMFE,77.8,190,226,25.664,58,158,113,5,10,50.00,68,/stor/home/kh36969/gitrepo/NCBI/guaC/AIDL02000029.1.fna
AIDL02000029.1,0..77964,tnsB,30681..28870,lcl|30681|28870|1|-1,-1,UniRef100_A0A1T5HV69,0.0,UniRef100_A0A1T5HV69 tnsB Transposon Tn7 transposition protein TnsB n=1 Tax=Photobacterium piscicola TaxID=1378299 RepID=A0A1T5HV69_9GAMM,MPKKSFSSFHRKSALQQEKLEQNDRVVDSSDVDEATYQDISAFPENIANQITFRLSILRFLAGKCEKITPKTIEPYRVALQRLHDKNIPSAISIYRWWLVFRASGYNPVSLAPDFKSRGNRGAKVSPIVDSIIEQAVERVISGRKINISSAHRRVKRKVRQYNLTHGTKYPYPKYESVRIRVKKKTPFEVLAAKKGERVAKREFRRMGKKITTSAVLERVEIDHTMVDIFAVHPVHRVTLGRPWLTQLVDCYSKAVIGFYLGFEPPSYVSVSLALKNAIQRKDDLLSSYESIENEWLCYGIPDLLVTDNGKEFLSKAFDKACESLLINVHQNRVEVPDNKPDVERKYGTINTSLLDDLPGKAFSQYLQREGYDSVGEATLTLDEIQEIYLIWLVDIYHKDSNQRGTNCPNIAWRNGCQEWEPEEFSGSKDELDFKFAIVDSKQLTKAGVTVYKGLTYSSERLAGYRGKKGNHKVQFKYNPECMAVIWVLDEDVNEYFTVNAIDYEYASRVSLWQHKYNIKYLAELNSAEYDEDKEIDAEIKIEEIADRSILETKKIRSRRRGARHQENSARAKSISNTKLAPPQKDEEEIVIVDNEDWDIGYV,717,1851,608,58.553,356,242,439,4,10,72.20,100,/stor/home/kh36969/gitrepo/NCBI/guaC/AIDL02000029.1.fna
AIDL02000029.1,0..77964,tnsA,31363..30674,lcl|31363|30674|3|-1,-1,UniRef50_A0A1Q9H1R4,3.13e-74,UniRef50_A0A1Q9H1R4 tnsA Tn7_Tnp_TnsA_N domain-containing protein n=53 Tax=Gammaproteobacteria TaxID=1236 RepID=A0A1Q9H1R4_9GAMM,MSALPFLSIATLLELETAFDTPARNLTKSCGKNIHRYVSAKMGKRVTVESFLECAACYHFDFEPSIVRFCSQPIRFSYSLNGKTHTYVPDFLVQFDTGEYKLYEVKSDKESSKEEFHCEWEAKVQGAFEIGLELELVVEEEILDEVIFNNLKLLHRYASRDNLNDFHQILLTTLKRNGTQTAKSLGHHLGLNGRKILPFLCDLLSRNLLQTSLETPLSLESEFELGCYA,223,567,227,51.101,116,108,151,2,3,66.52,99,/stor/home/kh36969/gitrepo/NCBI/guaC/AIDL02000029.1.fna
AIDL02000029.1,0..77964,tniQ,37736..38692,lcl|37736|38692|2|1,1,tr|A0A653EZ82|A0A653EZ82_9MYCO,1.35e-05,tr|A0A653EZ82|A0A653EZ82_9MYCO tniQ DNA-binding transcriptional activator GcvA OS=Mycobacterium riyadhense OX=486698 GN=BIN_B_04331 PE=4 SV=1,MTPYPSLPSSHNGLKAFEAAARLMSFTLAADELHVTQSAISRQIKQLEDELSASLVVRKHRAIELTPQGHDLYRVLRESYGNIEAVMASWKDPKQKRIVIKATLSFATRVLISKVRELNERYPDYEIVIVPVIEEDEAINSSEYDLLIFHTRFKKRYDNAPDITFLREEFMAPVCSTNVITEDTDLTSILTMPRIHPTLDHHDWKVWLADVESPPKKPVRNTSFLSLDMALSACLSGEGVTVTDLLLVLKELQRGFLYCPEHAKLQHSAWTYYIHQRTHTPVINDIIDWLREETAKEIELLKQLALQYHWSGVIKAQD,44.7,104,65,38.462,25,38,41,1,2,63.08,20,/stor/home/kh36969/gitrepo/NCBI/guaC/AIDL02000029.1.fna
AIDL02000029.1,0..77964,tnsA,47698..46727,lcl|47698|46727|3|-1,-1,UniRef50_A0A2D2C3Y7,4.42e-18,UniRef50_A0A2D2C3Y7 tnsA Tn7_Tnp_TnsA_N domain-containing protein n=4 Tax=Paracoccus TaxID=265 RepID=A0A2D2C3Y7_9RHOB,MHHHTKIVLLSGILILVASAGLFVGAASLSIPQVIEHLVAFSSDDFVIHQYRLPRMLLAISVGAGLGLSGVLVQGVIRNPLASPDLMGISAGAGLAATASLVWFPNAPVSVLPVVAMFGGVLAAGLIAVLAWWSRPTPAKLALIGIAVSAFLASCIDFLLVTNPIEINTAMVWLTGSLWGRNWQQVPFIWSVLLLLLPMALWLAWRLDVMGLGEESATTLGTKPKQIQALALLAAVLLASVSVSVAGTISFVGLLAPHLARLLFGHNHKLLIPASALVGAILVTSADGLARGLQPPIELPAGVLTSVIGAPYFIFLLYRYRGW,80.1,196,110,42.727,47,61,68,2,2,61.82,34,/stor/home/kh36969/gitrepo/NCBI/guaC/AIDL02000029.1.fna
AIDL02000029.1,0..77964,tnsA,48732..47698,lcl|48732|47698|1|-1,-1,UniRef50_A0A2D2C3Y7,1.46e-15,UniRef50_A0A2D2C3Y7 tnsA Tn7_Tnp_TnsA_N domain-containing protein n=4 Tax=Paracoccus TaxID=265 RepID=A0A2D2C3Y7_9RHOB,MSTMLFSKSKRFWPILSWRVTLFTGLVSCLALSGYAASMTGWSNFSLTLSDLIHYWFAFDESNMTHQILATLRAPRAYAGLFIGASLAVAGLLMQGLTRNPLASPSILGINAGAACFMALAAIGIPVVSELNPILNAVLGALLSGGAVMLLGGFFSERSHPLRLVLAGIAITALLLGLTRAALILADDMAYSVLHWLTGSLSSVDDGQWQQLWPPVVIGLVLAMSLARNLNLLALGEEVAVGLGSNIRFTRLISGLTIVLLAGASVAIAGPIGFVGLLVPHLVRPMVGHNYHLLIPISALAGAALVSWSDALSRAIAFPTETPVGVITALLGTPCFILIATRRS,73.2,178,100,41.000,41,58,63,1,1,63.00,29,/stor/home/kh36969/gitrepo/NCBI/guaC/AIDL02000029.1.fna
AIDL02000029.1,0..77964,tniQ,56820..55795,lcl|56820|55795|1|-1,-1,tr|A0A2W1D0I8|A0A2W1D0I8_9PLEO,1.39e-08,tr|A0A2W1D0I8|A0A2W1D0I8_9PLEO tniQ Pectate lyase OS=Pyrenophora tritici-repentis OX=45151 GN=A1F97_07859 PE=3 SV=1,MSVPSKMKAIGFTQSLAIAEQDSLVEFETNLPELKEHDLLVKVSATSINPADAKIRIRSAQDKTLEQPKVLGYDAVGEVVGKGTDVEGFELGDRVYYAGDVTRMGANAEYQAVDYRITAKAPTSLSDEAAAVMPLATLTAWEALFDRLRVRSEEKKSILIIGGAGGVGSITIQLASQLTNLTVIATASRPETEQWVRDMGADHVVNHRNLVESVREQGIQHVDYIFNVADTKGHWESMVELIAPQGMISSIVEFDGGIDLSALQGKSAGFVWELMFTRSLFNTDDIQKQQDILFQAANLIDAGRIKSTLTTTLNGFSVETLKDAHQRIESSSSIGKTAIKY,53.5,127,349,22.923,80,208,149,15,61,42.69,92,/stor/home/kh36969/gitrepo/NCBI/guaC/AIDL02000029.1.fna
AIDL02000029.1,0..77964,tniQ,57032..57964,lcl|57032|57964|2|1,1,tr|A0A1H5ELX7|A0A1H5ELX7_9NOCA,8.38e-04,"tr|A0A1H5ELX7|A0A1H5ELX7_9NOCA tniQ Regulatory helix-turn-helix protein, lysR family OS=Rhodococcus koreensis OX=99653 GN=SAMN04490239_9271 PE=4 SV=1",MLLEDLQVILKVAEFRSITAAATNLDMRTATASAAVKRVEVALGAELFVRTTRHLRLSSAGERYLPECEQALKILEQAKLNMREELGILDGEIRIALSSDLGRNLITPWLDEFLLEYPKATLRTSISDSNIDFYRDSVDMALRYGSPTDASMYGFKICDVPRILCAAPEYLAKMGTPSQPSNLAEHNGLLYQLHDMLQDEWVFNDGKQDHKVKLKGNRASNDADLVRRWCVAGKGVAIKSCLDMSSHLLSGEVVKIMPEFKPTPTELWLVCPSRQSVTPTVRLLRDLFREKTAEILSQLSEQDIIATQKS,38.9,89,55,36.364,20,35,31,0,0,56.36,18,/stor/home/kh36969/gitrepo/NCBI/guaC/AIDL02000029.1.fna
AIDL02000029.1,0..77964,cas3,6622..4055,lcl|6622|4055|3|-1,-1,gi|166365820|ref|YP_001658093.1|CAS-I|cas3|cas3,6.95e-10,gi|166365820|ref|YP_001658093.1|CAS-I|cas3|cas3 cas3,MSRHMPLPWLDPKVVTLSASDLLQEQLNHVHAELSEFPNNQFTQRLAQALTDPQLSLSSFWLLARDCLWAAKMDKFPAALDLHVRPTPEQFELAKACGLSMASGTTTLTLADDELASEFVPVYSLQQKKRMRAVPMDPALKMKFAERYSSYTCAAQRTAVRTTLLAKENSTVIVNLPTGCGKTLVGHAVALFTKPQALTLMVVPTIALAIEQGQRVKEMLAEAGEKVVGNYAWHSGLAVEEKQRIRAQVQSGQQKVLLVSPESMLSSLLPELFRLAERGKLGALIVDEAHLIDSWGAGFRPDFQRIGLLVASLRQLSPNGLKTVLMSATFTEQNLHTIERLFCDVGQQAVVMNGGFLRQEFSTNKHWVSKDQHFNVVFDKVLSMPKPLIIYTTEVKECVALAESLRAQGVSRLATFHGDTSSQEREVLLKQWQENQLDIMVATSAFGVGMDKGDVRSVLHACLPENIDRYYQEVGRTGRDGRAAHCELVIHGEHINVAQTLNKDTIISQKKGLARWKGLWQRGSAVTSDSHMPQKLIDLRNQPEHVDQRTKSNTYWNWMTVLLLQRTGLIKLAYPQPGDWSENEDGDQDTPKAWEEYIAKVLVTVVDPNHLDEKTWQNKVEEQRSTESAARRLGFKVLHEWLTESGSHLCHRLREFYRLKGERPTLACGGCPACRAKKQQEKVAYEEAQQGPVSARLFELPRVEVGYRVAVYGMQEDSPMVDIPVYFSPLQTDLTDELLQTFIQLLRQQKVVALAAPELVLARMKTQYAAGLGQFWLLLEREEWLSDCPIVSQYSKMIIDDRQIGEASAPEFSEVRTIYCAREDLRDPELTHRKWWEGQDNAMSLTNFKNNIEAI,61.6,148,460,23.913,110,244,185,26,106,40.22,45,/stor/home/kh36969/gitrepo/NCBI/guaC/AIDL02000029.1.fna
AIDL02000029.1,0..77964,cas5,21194..23116,lcl|21194|23116|2|1,1,"gi|541871542|ref|YP_008528750.1|CAS-I-F|cas5f|G5,CASCADE",0.0,"gi|541871542|ref|YP_008528750.1|CAS-I-F|cas5f|G5,CASCADE cas5",MESLKELLQSRPDDLNVELKRAFRPLTPHIKIDGKELDALTVLVNLTDKTAVQKDLLDRVKCKQKLRDEKWWAHCLKTVEYRQSHNLKFPDIRSEGVIRATPLGQLPEFILSSSKFEPHHWAYSHDSSDVNKSSLLTNEFSWNCVISCLGDLLKDVEHPLWQKLNTLGCYQKTRKAIAKKLAQISQTTIKVSLAPNYLTQLSLPDNDSSYISLSPVASQSMQSHCYQALETEYRYTALTRYSRGTNMGVLPMTCGGALKMLKAVPNFSLTPHYQINIGKSWLTSSHIQSLKQYQTHTQYLMPKNKRVAYRRTVKNEIQEMVKAWLLIQDRTMDVNTLVQHLNHDLSRIKLAKCFAYEPSITKLLLGLIKRELNEHRSDSTNVGGSEKKDSFFAIPNIRVCGASALSSPITVGLPSLTAFLGFTHAFERNLNESFPTLTIDSFAICVHQLHVENRGLTKEYVQKANHTISPPATHDDWQCDLVFSLVIKFDRSLNVDENTVVRALPKRFARGSAKIAIADFKYIKSFARLEKAIQFLPQKAGKWLSMHIEPIESIGDILSEVKENRKLAPSCVGYHFLEDPTDKPNSLRGYKHAFSECIIGLIEPITFDQNTDINTILWHHKCYQNYLSVQPSSTYHGTTD,849,2194,639,63.224,404,231,483,1,4,75.59,99,/stor/home/kh36969/gitrepo/NCBI/guaC/AIDL02000029.1.fna
AIDL02000029.1,0..77964,cas7,23100..24161,lcl|23100|24161|3|1,1,"gi|541871541|ref|YP_008528749.1|CAS-I-F|cas7f|G7,CASCADE",0.0,"gi|541871541|ref|YP_008528749.1|CAS-I-F|cas7f|G7,CASCADE cas7",MELPTNLAYERSIDPSDVCFLVVWPDGRKTPLTYTSRTVLGQMETAALAYEPSGRTKDSATAEKLAQGNPHQVDFCHAPFGASHIECYFSVSFSSELRKPYKCNSSTVKHTLMQLIKAYEENIGWNELVSRYLVNICNGSWLWKNTKNAYCWDIELTPWPWAGGAVKFQDIRANYLERSDFENHKDWEAIAQMTRNAFSHSNGLAIFEVKATLRLPTNKQVFPSQAFTENESNNTNKSKKQSKGRIFQSTTVDGERSPILGIYKTGAAIATIDDWYPDATEALRVGRFGVHKEDVTCYRHPSTQKDFFSILQQTESYIKALTSSDKPSQETINDLHFLVANIIKGGMFQHKGD,568,1463,353,72.238,255,97,302,1,1,85.55,100,/stor/home/kh36969/gitrepo/NCBI/guaC/AIDL02000029.1.fna
AIDL02000029.1,0..77964,cas6,24164..24763,lcl|24164|24763|2|1,1,gi|541871540|ref|YP_008528748.1|CAS-I-F|cas6f|cas6,4.89e-103,gi|541871540|ref|YP_008528748.1|CAS-I-F|cas6f|cas6 cas6,MKWYYKTVTFLPARCNNESLAAKCLRILHGFNYEYETRNIGVSFPLWSDDTIGNKISFVSTNKIELDLLLKQHYFTQMKELHYFDISNTKVVPDGCEYVSFKRCQSIDKATPAGQARKAKRLKKRAGERGEEFDLPSFKQQEVVALHHYHSLEEDSKSRAGSFRLNIRMFKETCLDGDALFSSYGLANTENTFQPVPII,294,752,199,68.342,136,63,159,0,0,79.90,100,/stor/home/kh36969/gitrepo/NCBI/guaC/AIDL02000029.1.fna
AIDL02000029.1,0..77964,cas3,62780..60708,lcl|62780|60708|2|-1,-1,gi|171185591|ref|YP_001794510.1|CAS-I|cas3|cas3,6.24e-07,gi|171185591|ref|YP_001794510.1|CAS-I|cas3|cas3 cas3,MESVSDWISIGIDRAPGTFCLLIYSGIPMSESVIQFNELALNDNILSALDSMGFVSPTPIQAAAIPLLLEGRDALGKAQTGTGKTAAFSLPLLNKINLNQHKPQAIIMAPTRELAIQVAAEIKNLGRDINGLKVLEIYGGASIVDQMRALSRGAHIVVGTPGRVKDLLTRDRLHLDEAHTFVLDEADEMLKMGFVDDVTWILEQAPETAQRVLFSATMPPMVKTIVDRYLRNPARVDVAGTNHTVDKVAQNFWVVKGVEKDEAMSRLLETEETDASIVFVRTRQDTERLADWLSARGFKAAALHGDIPQSLRERTVDHIKQGVIDILVATDVVARGLDVPRITHVFNYDIPFDVESYIHRIGRTGRAGRKGKAILLVRTNQIRMLRTIERVTKSSMEEIQLPLRDQVAAARVAKLGAELETEKESKALENFAGLISTLQESLEVDAATLAAMLLKRQQGKSPLFYVGEDPMIAAIERDKNRRKERREDRDNGRDGGGRNFNTQDWDTYQLQVGREQGVQVKDIVGALANELGLTKGSIGAIKLDQGSTYVQLPKAMNSETAGKLSKLRIRQKEAGAVVVDFNDFREPRRGGGGRDGNRGGRGGRDGGGYRGNREGGNREGGNREGGNGGRGGYRGNRDGARDGNSAGGRDGERRFDRNRGGDHRGNFRGERGHGNANGGNRGRRPERSEG,51.2,121,359,24.234,87,212,147,14,60,40.95,47,/stor/home/kh36969/gitrepo/NCBI/guaC/AIDL02000029.1.fna
AIDL02000029.1,0..77964,parE,26011..27399,lcl|26011|27399|1|1,1,WP_183466676.1,7.86e-40,WP_183466676.1 parE DEAD/DEAH box helicase family protein [Mycolicibacterium iranicum],MLRRWQSECIGNAMAHYIQGNKHFLAQATPGAGKTFMAANLAKGLFERSMIDFVICFSPSKTVSSSIQSNFSETLQDEMDGKFGSLGTSITYQLITHLDDKFWNRLLKYRVLSVFDEIHHCGGDNNENSNVWGQLILCKIKKVATYTLALTGTPWRSNLTPVVLSSYSDPEGTIVCDYQYTLAQAVKDGVCRKPTITLIDCDKSTIKLDNYIESFNSFNELISESKVNYSIILNNKPALIHILGTAVTRLKKIRSQSPYAGGLIVATSVNHAIEIASLLKNTFNQTTTIVTYKNDDSQVRIKQFRTDYTEWIVSVGMVSEGTDIPRLQVCCHLSNIKTELYFRQILGRILRMTSCPNQEAWLYTFAAPKLIEFAEEVERDIPDSCRYLRRPQKKPNQALEHIATNSNLPLSDNGDNTDTVSINFSGRIDQSGSTESESNSAESADLTLTSFKQRVIEAFQYL,148,374,397,30.227,120,240,181,14,37,45.59,82,/stor/home/kh36969/gitrepo/NCBI/guaC/AIDL02000029.1.fna
AIDL02000029.1,0..77964,guaC,32553..31510,lcl|32553|31510|1|-1,-1,WP_001217320.1,0.0,WP_001217320.1 guaC GMP reductase [Escherichia coli],MRIEQELKLGFKDVLFRPKRSTLKSRSQVELTRDFTFKHSGRQWSGTPVIAANMDSVASFEMAAALAEHGVMTAVHKHYTVEQWAEFAKTADKKTLNNVFVSTGTSEAEFEKVKQIMTLSEDFVFICIDIANGYSEHLVEYVQKVRAEFPDKVISAGNVVTGDMVEELILAGADIVKVGIGPGSVCTTRVKTGVGYPQLSAIIECGDAAHGLGGMIIGDGGCSCAGDVSKAFGGGADFVMLGGMLAGHSESGGEVVEQDGKQYMKFYGMSSQSAMDKHSGGVAKYRAAEGKTVLLPFRGSVHNTISDILGGVRSTCTYVGAAKLKELTKRTTFIRVQEQENNVFGKE,535,1378,344,72.384,249,95,291,0,0,84.59,99,/stor/home/kh36969/gitrepo/NCBI/guaC/AIDL02000029.1.fna
AIDL02000029.1,0..77964,glmS,34864..33860,lcl|34864|33860|3|-1,-1,WP_035343592.1,5.57e-07,WP_035343592.1 glmS two-component system response regulator GlrR [Dickeya],MSFPVLICDDSALARKQMARSLPSSLNADITFAVHGLNALEELAQNQFKLMFLDLTMPELDGYGTLEEMQRLGDTTPVVVVSGDIQPKAQQKVMDLGAKAFLQKPIDKEALKAILREHVEPPKQPQLITPSPLELPILRRRDIYMEVANVAIGRAADALARHFNVFVHLPLPNVNIFEVSELHMALRDLADNDQVSGVCQGFSGEGIAGEALVLLSDSSVSDLKKLMKVPTESEQLEELELLMDVSNILVGSFLNGLGEQSEVRFFQSSPVLLGQHISIDSVIENTSGSFKKTMTFEVSYNIDGTSIRCDLLFMFVDESLPLLDNKLAYLMEEF,48.5,114,144,27.778,40,96,68,3,8,47.22,41,/stor/home/kh36969/gitrepo/NCBI/guaC/AIDL02000029.1.fna
AIDL02000029.1,0..77964,CRISPR array,24892..24975,,,,,"Copies: 2, Repeat: 23, Spacer: 37",AGTGTACTGCCGAATAGGTAGCC,,,,,,,,,,,,/stor/home/kh36969/gitrepo/NCBI/guaC/AIDL02000029.1.fna
