NZ_NBOE01000004.1,0..90822,tniQ,1793..909,lcl|1793|909|1|-1,-1,tr|A0A1X1NDK8|A0A1X1NDK8_9ACTN,8.89e-04,tr|A0A1X1NDK8|A0A1X1NDK8_9ACTN tniQ HTH lysR-type domain-containing protein OS=Streptomyces sp. CB03238 OX=1907777 GN=BKD26_21400 PE=4 SV=1,MYNLSDLETFIAVVENKGVLAAAREQRLSPATVSHRLSKLERELSTVLVFRDSRRIRLSPAGEVFYTRVGAIIEALHDAEHSIGARSSSVNGLLRVTMPPWVFSKYVMPKLTQFEDTYPELKLDFLINDHFVNVVDDAQDVAIRVGQLNDSGLLSRKLVNNSRVLCAAPSYIEKHGMPANLTELAEHNWVCLPWQRQLKLFDEKGKIQNFNAKTRFTISNSDNMTQAAIAGHGIAIKSRIAINDELADGTLVEVMPKVMAKSDAPVWFLRPQNSLTTRKTDVFYDFMKSLFIDC,38.5,88,82,34.146,28,46,41,3,8,50.00,27,/stor/home/kh36969/gitrepo/META/rsmJ/NZ_NBOE01000004.1.fna
NZ_NBOE01000004.1,0..90822,tniQ,26022..25000,lcl|26022|25000|3|-1,-1,tr|A0A379HEF4|A0A379HEF4_9GAMM,1.13e-152,tr|A0A379HEF4|A0A379HEF4_9GAMM tniQ Uncharacterized protein OS=Pseudoalteromonas nigrifaciens OX=28109 GN=NCTC10691_02977 PE=4 SV=1,MRAIGLLETLLDLPRFELQKLALLKSDKKFNSSVAVHRDGIDIPLKFIRSNGADGECSLPICPQCLAEEPYIKQSWHIRWINICTKHKCTLIHQCPDCNLPINYIENESIAHCLCGFDLASATNSNTTSITVKRKDAELIHNLLNNETLIDNPLFRETTISQRFAALLWYQERYSCIDNFCLNDAATFFSKWPENLYNELDHLSKNANMKLIEMFNKTIFRFIFGEVILSVPHSIQREGQRHFIRIALIDYLIRLVANNPKSKKPNVADMLVSVTEVAIILGTSHEQVYRLYQDGILQNAFRQKMNSRIDPHTGVFFLRQVIEYKSSFGDDKPKMHLSAW,433,1113,341,63.636,217,117,265,3,7,77.71,100,/stor/home/kh36969/gitrepo/META/rsmJ/NZ_NBOE01000004.1.fna
NZ_NBOE01000004.1,0..90822,tniQ,45993..45088,lcl|45993|45088|3|-1,-1,tr|A0A3D8NHY0|A0A3D8NHY0_9ACTN,5.76e-04,tr|A0A3D8NHY0|A0A3D8NHY0_9ACTN tniQ LysR family transcriptional regulator OS=Streptomyces sp. IB2014 011-12 OX=2174847 GN=DDV98_25620 PE=4 SV=1,MKLPPLRALQCFEAVARMNSFSKAAEYLNVTQSAVSHQVRVLEEYLGESMFSRQGRVFSLTEVGERYFEEVSSSLANLSNASQLIRHGKSGNIRLALYSSLAVKWLIPRLADFRKQYPEIDLTLNMVAEEPDCNDQVADCFITVNPPKRNFVNHFLYTEKLYPVCGKKLWQQIRDKPLPETLWQQPLLSVKYSDSNEHLGEDWLRWCKRGGFELPEEVKTSHFSHVLLAAEAARYDLGIALIDNYLMTDQDRQHNFVRIPMHELLTGDDFYFVYKNTRAKQTDIVKLGNWLKQQCFEQESS,39.3,90,77,33.766,26,45,43,2,6,55.84,25,/stor/home/kh36969/gitrepo/META/rsmJ/NZ_NBOE01000004.1.fna
NZ_NBOE01000004.1,0..90822,tnsB,68218..67328,lcl|68218|67328|2|-1,-1,UniRef100_A0A1T0A091,7.12e-11,UniRef100_A0A1T0A091 tnsB Transposon Tn7 transposition protein tnsB n=1 Tax=Moraxella caviae TaxID=34060 RepID=A0A1T0A091_9GAMM,MLLSGDAGVGKSHIINHYRKRVLANQNYSRSTIPILISRISKGKGLEATLIQVLADLDLFGSEQRKKRGYKTDLTKKLIESLIKAQVELLIINEFQELIEFKSRQERQHIANELKLISEEAKVPIVLVGMPWAELIAEEPQWSSRLVRKRKLSYFSLKNDKNYFIRYIMGLANKMPFEEPPTLGDKQTATAIFSACRGENRSLKHLLSESLKIALLSNENLEIKHLALAFDKLELLGKEAQRQNKKKEGKEKSEDIVIDNPFNQSLKDIDISEVIKHSQYAPNALDPEDILTGRFF,60.8,146,215,26.047,56,143,100,7,16,46.51,71,/stor/home/kh36969/gitrepo/META/rsmJ/NZ_NBOE01000004.1.fna
NZ_NBOE01000004.1,0..90822,tnsB,70197..68356,lcl|70197|68356|3|-1,-1,UniRef100_A0A379HE60,0.0,UniRef100_A0A379HE60 tnsB Transposon Tn7 transposition protein tnsB n=2 Tax=Pseudoalteromonas nigrifaciens TaxID=28109 RepID=A0A379HE60_9GAMM,MTGFNDEFDESIVPNKPKTPIQYIRLEDANLIKRDLDTLPEALKNNTLDKYKIISYIAKELTEGWTQKNIDPILDKLFDNDDKKRPNWRTIVRWRKKYNESNGDLTSLISEHHKMGNRKKRISGDEVFFDKALERFLNAKRPTVSTAYQYYKDLIIIENQHLFENKIPTISYVAFNKRIKSLPPYKVAVARHGIFKAAQWFAYCGAHNPPTRILERVEIDHTPLDLILLDDELLIPIGRPYLTLLIDVFSGCIMGFHLSYKCPSYVSAAKAISHAIKPKSLDSIGIELQNNWPCYGKIENLVVDNGAEFWSKSLEHACQSVGINIQYNPVRKPWLKPFVERFFGVINQYFISELPGKTFSNILEKEEYKPEKDAIMRFSTFVEEFHRWIVDIYHQDSDSRDTRIPIKKWQTGFEVYPPLEMNQEEEEKFSILMNISDERTLTRNGFKFEELMYDSTALSEYRKHYPQTKETIKKIIKVDPDDISKIYVYLEELNSYIEVPCTDPTGYTKGLSIHEHKTIKKINREMIRGSKDVLGLATARMAIHERVKQEQELFITSKNKRKISSVKKQAQLADVSNTGTGTIKVSEQKSTTKQENISNDILENWDDDLEAFE,653,1684,406,77.340,314,92,358,0,0,88.18,66,/stor/home/kh36969/gitrepo/META/rsmJ/NZ_NBOE01000004.1.fna
NZ_NBOE01000004.1,0..90822,tnsA,70822..70184,lcl|70822|70184|2|-1,-1,UniRef50_A0A290S068,7.85e-107,UniRef50_A0A290S068 tnsA Tn7_Tnp_TnsA_N domain-containing protein n=23 Tax=Gammaproteobacteria TaxID=1236 RepID=A0A290S068_9GAMM,MYIRNLRKPSPNKNVFKFASAKINNVIMCESTLEFNACFHHEYNDEIESYGSQPKGFKYEFNGKNLPYTPDTLIIYKNGNEKYHEYKPFSKISSPLFREKFKAKKQASLILGRELILITDKQICVNPILNNLKLLHRYSGIYGVNAVQKELLNLIKKSDVIKFNDVSSQLGLSIGEARSFLYALIHKGFVKADLSHDDLTNNPTLWAAYDGF,304,778,208,68.750,143,65,167,0,0,80.29,98,/stor/home/kh36969/gitrepo/META/rsmJ/NZ_NBOE01000004.1.fna
NZ_NBOE01000004.1,0..90822,cas6,21829..21218,lcl|21829|21218|2|-1,-1,"gi|117922284|ref|YP_871476.1|CAS-I-F,CAS-IV|cas6f|cas6",1.76e-82,"gi|117922284|ref|YP_871476.1|CAS-I-F,CAS-IV|cas6f|cas6 cas6",MLRHYFMVEFCPKEANFPLLSGRCISIMHGFICKNNIQGLGVSLPAWSDNTIGNKIAFIHYDDVTLNSLKQQPYFQDMKDCGFFKLSDVCVVPNECKEVRFKRNQSVAKIFVGESRRRLKRLEKRALARGEVFSPKKSSYTRELDTFHRIPMSSSCNLEDFILHIQREYVDFKGEQSFGSYGFATNKKFQGTVPDLSTLTNNI,242,618,203,60.099,122,81,155,0,0,76.35,100,/stor/home/kh36969/gitrepo/META/rsmJ/NZ_NBOE01000004.1.fna
NZ_NBOE01000004.1,0..90822,cas7,22883..21831,lcl|22883|21831|1|-1,-1,"gi|212633878|ref|YP_002310403.1|CAS-I-F|cas7f|G7,CASCADE",0.0,"gi|212633878|ref|YP_002310403.1|CAS-I-F|cas7f|G7,CASCADE cas7",MDICNILKYDRSLYPGKAVFFYKTKDNDFIPLEADINKIRGPKAGFTEAFTPQFSPKKLAPQDLTHNNILTLEECYVPPNVEHVYCRFSLRVQANSLKPSGCSDPKVFSLLKELATVFTDSGGYKELATRYCRNILLGTWLWRNQNTGNTEIEIKTSSGNSYKIRNTRKVAWESSWPSEDQNVLNELSDEMQNALIDPNIFWSADITAKIETAFCQEIYPSQILSDKPAQGDASKQFVKTKCIDGRYAVSFNSVKVGAALQSIDDWWDEDADKRLRVHEFGADKELSVTRRPPDSGRNFYHLLKNTEQYIDELNVKNTTTKYTINSNIYYMFSVLIKGGLFQKKLESKKG,539,1388,342,70.760,242,100,286,0,0,83.63,98,/stor/home/kh36969/gitrepo/META/rsmJ/NZ_NBOE01000004.1.fna
NZ_NBOE01000004.1,0..90822,cas5,25000..22898,lcl|25000|22898|2|-1,-1,"gi|217975325|ref|YP_002360076.1|CAS-I-F|cas5f|G5,CASCADE",0.0,"gi|217975325|ref|YP_002360076.1|CAS-I-F|cas5f|G5,CASCADE cas5",MGMHLQELLAIESVPDRDQSLRRAFSAYTEEIDITGYESIALTILLNLTYRKVQIDNLLDKKLAKKALNNESLLNKCIDELQWFHTHNLKYPDIRVSKQNLVVDSPMLHPLVLSSANYDRAYGWTHNSAQVNLVKLFVSYFYWQGNKCCLAEILAAQPIEVEWKAAFQSLGMQVKLFINICGRVKGFLPQVMIPDTVDRYSPQVRMPYHDGYVAVTPVVSHVLQSKIQQAAINKNGKFSQIEFTRSAAVSQLVASLGGVVKALSYPLYFNNKHHGLHDSRRLKVQNGQSVFNLIALTTTHFINALNGLIYNGNALALKQRRQQKVICIKAVRNALSEWLSPIFEWRFSIIENKSQLEQLDKISDTLEYQLLTTLDDDLPELVNPLFGVLNAMFSHDTSTQKYAFHPKLIGSIKASLKWLLSNAAIIDNSPAFHDNEEQYRYLHLRDIRVFDAQALSNPYCAGTPSLTAAWGMMHHYQRKLNNALDTNVRFTSFSWFIKDYSNVPGKKLPEMRLQGAKQNELKRPGIIDNKHCDLVFDLVIHIDGNEEDLLLIDEQPEMLKAHFPTTFAGGVMHPPELDLAINWCRLYDDENKLFEKLKRLPLSGRWVMPTKHKICDLDELLLLLNNDLKLSPIMFGYLLLDKPKKRCGSLEELHCYAEPAIGLVEYITAINIRLKGKNFYFNHGFWMLEAKEQFMLMKGV,846,2185,701,58.631,411,283,515,4,7,73.47,99,/stor/home/kh36969/gitrepo/META/rsmJ/NZ_NBOE01000004.1.fna
NZ_NBOE01000004.1,0..90822,csx1,51845..52507,lcl|51845|52507|2|1,1,gi|20090785|ref|NP_616860.1|CAS-III|csx1|CARF,1.24e-04,gi|20090785|ref|NP_616860.1|CAS-III|csx1|CARF csx1,MKTTNKVFLFLISGFISLGSLANNANDFDDKLLYLQHEWANVNYTLKGDSQEDAFDELSEEAQSFVKKYPERAETWIWQGIIQSSYAGAKGGLGALSLAKQAKKSFEKAIEIDDSALSGSAYTSLGTLYHKVPGWPIAFGDDDDAKAFLEKALAINPTGIDANYFYGEFMLDERNYEKAKNHFIIAKSAPGRELRPLADKYRHIEIEVLLNKAEKKLKKH,41.2,95,111,28.829,32,57,55,3,22,49.55,45,/stor/home/kh36969/gitrepo/META/rsmJ/NZ_NBOE01000004.1.fna
NZ_NBOE01000004.1,0..90822,parE,42418..43821,lcl|42418|43821|1|1,1,WP_183466676.1,6.52e-41,WP_183466676.1 parE DEAD/DEAH box helicase family protein [Mycolicibacterium iranicum],MLREWQRECLNKVKQHYYGNHKHFFCLATPGSGKTVLAAEVAAYLFDAKKIDFVICFSPSSEVTSSIKISFSKRLNCNFDGVIGSVGCSYTYQNMRFFNDDYWQLLRKNRVLVVFDEIHHCAGSSIEDANVWGQDIVKNIQEQAAFTLALTGTPWRSDLLPISLATYSDPDNQILCNYIYSLQQAVNDGVCRNPKIVLIDNEEISVTTAKQEIKTYHSLKALLKSPSISYQELIMHEAVINYIIAQGVSKLVTIRQQNPNAAGLIVASSVEHAEQIFFLLTESFHQSATIVTYKENNPSDKINDFRFNDTQWIVSVGMVSEGTDIPRLQVCCHLSRVKTELYFRQVLGRILRVNEFHNQEAWLFTLAEEQLSIFANRIDQELPDICVLKRSNELANEFFKADSNKAEKLISNNIQPITDVKLLGELATSDTLSQKHNLKRDILESSYLQTFGCFRDKLIETFVMLKR,152,383,373,30.295,113,219,166,11,41,44.50,75,/stor/home/kh36969/gitrepo/META/rsmJ/NZ_NBOE01000004.1.fna
NZ_NBOE01000004.1,0..90822,glmS,55521..56180,lcl|55521|56180|3|1,1,WP_035343592.1,3.33e-11,WP_035343592.1 glmS two-component system response regulator GlrR [Dickeya],MRLLLVEDDIHLANGLRESLRHEGCSADVVFNGYDGLTAIQSGDFDIVILDLGLPDIDGLSVLKKAKQINKALPVLILTARDGIESKVQGLDLGADDYLAKPFSIEELLARIRVFERRLGTHSTSVIEHKGISLDTKAHTITVRGAETNFSRREYMLVKSLVENLGRIQSKEQLESKLYEWGEEVASNTIEVHISNIRKKLPKEFIKTVRGVGYVVSKG,59.7,143,100,36.000,36,64,50,0,0,50.00,46,/stor/home/kh36969/gitrepo/META/rsmJ/NZ_NBOE01000004.1.fna
NZ_NBOE01000004.1,0..90822,parE,63534..60469,lcl|63534|60469|3|-1,-1,VFJ57583.1,2.76e-12,"VFJ57583.1 parE ParE toxin of type II toxin-antitoxin system, parDE [Candidatus Kentron sp. DK]",MLTSIIKFSLTQRLFVSILAVITIIIGANAWLSIPIDAFPDISPTQVKIVLKAPGMTSVEIESQVTRIIETELLGIPKQAMLRSTTKYSITDITLDFKEGTDIYWARQQVNERLMNVWSALPNNISGGMAPMSTPLSEMFMFSVENPNLSLTERRELLDWQIRPLLRTVAGVADVNALGGFVKTYEINTDILKMQQLHISFNDIENALTLNNINSGLGRLIKGNDTLIIRSQGRIENIDELQNLVLVSSAPANNEQVIRLSDIAEISIGHLTRYGAVTKDGKETTQGLIIALKNSNTAEVVSQVKKKIAQITPTLPKGTVINVFYDRSNLIDTAIGTITSALTQAVILVIILLAIFFGDLRSSVVVSLSLPLAALMTFILMKQFNLSANLMSLGGLVIAIGMLVDASVVIVENIVNQLAKNKSLPRLHVIYRACKEVATPVVVGTVIVLIVFSPLLTLTGLEGKLFTPVALTIVFAMISALILSLTIIPILASLLLKNEAVEDPKLVKVLQRHYLHSLSKTLVAPKKFIISISLVLAVSLVLFTGLGKSFMPLLDEGDIIVQLEKSPSISLQSSVALDNQIEQALLEAIPEIKQIVARTGSDELGLDPMGLNETDVFMELTPASQWRFDTKAELIAEIRKVLVNFPGINIGFTQPIQMRVSEMLTGSTGDVSIKVFGNNVATLAELADKIANIVSKTQGSADVQAAIIEGGKYVNIRLIPEIAALSGMTTSALSKFLQSQLEELTVSKILAGNKTTAIVFSHPTSTITSLADLKASLILMPNNTLVTLESIADVSFKEGPLLIEREKGKRFVSISTNVIGRDVVGFVDELNVKINQQVNLPNGYSLVFGGEYESQQRATKNLLIVVPVSLILIFIILFTTFNSLAKSALILANIPFAVMGGIIALYLSGEYLSVPASVGFIALLGVAVANGVVMVSYFEQTRMLISNLSQRITEGANRRLRPILMTASTGLVGLLPLAFATGPGAEIQKPLAIVVIGGLITSTITTLYLLPIFYSLMERKK,63.5,153,83,36.145,30,53,50,0,0,60.24,8,/stor/home/kh36969/gitrepo/META/rsmJ/NZ_NBOE01000004.1.fna
NZ_NBOE01000004.1,0..90822,rsmJ,71852..71061,lcl|71852|71061|1|-1,-1,WP_181477787.1,8.18e-102,WP_181477787.1 rsmJ 16S rRNA (guanine(1516)-N(2))-methyltransferase RsmJ [Providencia rettgeri],MLNKIAVAYVDAIDVDKAKKIAKKWQLDYIGDIAAIKNHPELLFALQVNLQRLELSKLDEPKLGAICVDFVDGATAHRRKFGGGRGQDIAKAVGLKHGFTPNVLDATAGLGRDAFVLATLGCNVTMMERMPIVAALLEDGLERAKLSTEINDITNRMRLINSSSIENMTLAEPPDVIYLDPMYPHREKSAAVKKEMRVFQSLVGEDLDADNLLAPAIALAKYRVVVKRPSYAPPLAGKTPSTSINMKKNRFDVYVNLAIPKNN,295,754,258,58.527,151,94,190,4,13,73.64,97,/stor/home/kh36969/gitrepo/META/rsmJ/NZ_NBOE01000004.1.fna
NZ_NBOE01000004.1,0..90822,glmS,82311..81625,lcl|82311|81625|3|-1,-1,WP_035343592.1,5.39e-08,WP_035343592.1 glmS two-component system response regulator GlrR [Dickeya],MRLLVVEDEQKTGDYLKQGLTEAGFQVSLVRNGLDGHHLAMTEVFDVIILDVMLPDVSGWRILQSLREASNQTPVLFLSARDSVDDRVKGLELGADDYLIKPFAFSEVLARVRTLIRRGGTPKIENTLQIADLEVDILKHKVKRAGKNILLSNKEFSLLELMVRREGEVLPRSLIASQVWDMNFDSDTNVIDVAIRRLRGKVDEGFNIKLIHTVRGMGYKLEVQVNES,50.4,119,100,30.000,30,70,48,0,0,48.00,44,/stor/home/kh36969/gitrepo/META/rsmJ/NZ_NBOE01000004.1.fna
NZ_NBOE01000004.1,0..90822,CRISPR array,20941..21094,,,,,"Copies: 3, Repeat: 33, Spacer: 28",TATTTTCAGCTGCCTATGCGGCAGGTCACAATG,,,,,,,,,,,,/stor/home/kh36969/gitrepo/META/rsmJ/NZ_NBOE01000004.1.fna
