LRFP01000032.1,0..89136,tniQ,7032..8219,lcl|7032|8219|3|1,1,tr|S5IUU9|S5IUU9_VIBPH,0.0,tr|S5IUU9|S5IUU9_VIBPH tniQ Uncharacterized protein OS=Vibrio parahaemolyticus O1:Kuk str. FDA_R31 OX=1338034 GN=M634_16400 PE=4 SV=1,MLLQRPKPYPDESLESFFIRVANKNGYSDVHWFLVAVKRYLLDIDPRKFQTFPTDICRINPHSSKKHSISRTHALHHLSQLTFNEPVDLLGIALNRNQMQFSPSTTTLIRGAEVIPRSLLRKGAIPCCPCCLGEHGYASYRWHFSGYEYCHEHDVKLIERCSCGAIYDYRYAGLSGVCTECGENISASQENHEPKATRIASWLAGDDVKPLPDVPLSYRWGFMHWWSQISSSCKTRNNGEFLAFWEHWPNSFHKLIGKEIDFNFEYCVLSKNDLRVKDILGKILFSSIQLPDRNFRSNIILKEMFQYIETHLWDDNGKLANLRMNMLEICVLLNCSREQVTSMIEQGLLTPNRQLGKREILIVTEYAFYLGDVYCLWLSEFQSDEFNRSFYLSRW,797,2059,395,95.949,379,16,386,0,0,97.72,100,/stor/home/kh36969/gitrepo/NCBI/yciA/LRFP01000032.1.fna
LRFP01000032.1,0..89136,tnsB,15405..14428,lcl|15405|14428|1|-1,-1,UniRef100_A0A0P1F034,1.33e-08,UniRef100_A0A0P1F034 tnsB Transposon Tn7 transposition protein TnsB n=1 Tax=Thalassobacter stenotrophicus TaxID=266809 RepID=A0A0P1F034_9RHOB,MDREIQQRLQWVKMYEECGDAGFVCRLCGISRPTLRKWAKRYKQCGIAGLESQSRRPHSSPDTKLTDELRALILTMREKRNLGARRLQTELIRLHQIHLSTAARHKVLSEALVKPIVTYRRKKDFQRYERPIPGDRVQMDTCKIALGIYQYTAIDDCSRYRVLRCYSRLTAANTVDFIDCVVEEMPFPIQRIQTDRGREFFAEKVQKQLMIYGIKFRPNKPGSPHLNGKVERSQKTDKSEFYPTTNVFVGLEELDLLLAEWQHYYNWERPHSSLNGPTPIDRITEVSYQTPLSEEVSQNYQIKKERFQEQNYRLDLRLRKLKPSL,53.9,128,179,28.492,51,98,77,7,30,43.02,49,/stor/home/kh36969/gitrepo/NCBI/yciA/LRFP01000032.1.fna
LRFP01000032.1,0..89136,tniQ,16493..15498,lcl|16493|15498|2|-1,-1,tr|K0Q410|K0Q410_9RHIZ,1.28e-18,tr|K0Q410|K0Q410_9RHIZ tniQ Putative TniB-like ATP-binding protein (Modular protein) OS=Rhizobium mesoamericanum STM3625 OX=1211777 GN=BN77_p40112 PE=4 SV=1,MDDSRDIRVAKAKKAFVITPSVAKVLRYMDRCRDLSGMDSEPTCMMVYGSHGVGKTAIIKKYLKQNEGDSDTEGDTIPVIHIEMPDNAKPVDAARELLLQMEDPLALYDTDLARLTKRIVELIPLLGVKLIIIDEFQHLVDESSNKILTQVGNWLKGILNKSKCPIVLFGMPYSKLVLQANSQLHSRFSIQFNLRPFNYQEGEGTFKTFLQHLDEALPFEKQTGLAKEGLQKKLYAFSQGNMRSLRDLIYQASIEAIDNHHESITKDDFLFASELTSGNKPTFWKNPFIEGVKVTKEMLRSPPRSIGWEDYYQQNNSRKKKGKGRPDFFDK,84.7,208,229,27.074,62,157,112,6,10,48.91,68,/stor/home/kh36969/gitrepo/NCBI/yciA/LRFP01000032.1.fna
LRFP01000032.1,0..89136,tnsB,18331..16505,lcl|18331|16505|3|-1,-1,UniRef100_A0A1T5HV69,0.0,UniRef100_A0A1T5HV69 tnsB Transposon Tn7 transposition protein TnsB n=1 Tax=Photobacterium piscicola TaxID=1378299 RepID=A0A1T5HV69_9GAMM,MAKKSFSNFNRKAKRDDVSHQEDTLYIDRALNDTLDEDATYTDLTAFPDKVAIEISFRLKILRYLGRVNDKIVPKTIEPHRVTLQRCNDKNIPSAITIYRWWLNFSQSGYNPTSLAPKFKGRGNRAPKVSEIVDALMAQAVEAVISGRKINVSSAHRRVRRKVRQYNLKHGTKYKYPRYESVRKRVKKKTPFEVLVAKKGERVAKREFRRMGKKILTSYALERVEVDHTVVDLFAVHKEYRLPLGRPYLTQLVDCYSKAVVGFYLGFEPPSYVSVALALKNAIQRKDSLLSSYPTVKNEWLCYGIPDLLVTDNGKEFLSKAFDAACETLLITVHQNKVDTPDNKPDVERKYGTVNTTLLDDLPGKAFSQYLHREGYDSIDEATLTLDEIKEIYLIWLVDIYHKHPNQRGTNCPNVAWKRGCEEWEPEEFTGTTAELDFKFAVLDEKKLSKSGITVYVDLTYSSDRLAEYRGTHGNHMVTFKYNPECMGVIWVLDEDVDEYFTVPAIDYDYASGVSLWQHKYNIKYQRSLNLSEYDEDFEVDAEIRIEDIAEESIFKTKKLRNRRRGARYQENAERAKAQNQNAIIKTEQEDPQEEEVDDENAWGIDYL,730,1884,612,58.497,358,241,446,4,13,72.88,100,/stor/home/kh36969/gitrepo/NCBI/yciA/LRFP01000032.1.fna
LRFP01000032.1,0..89136,tnsA,19013..18324,lcl|19013|18324|2|-1,-1,UniRef50_A0A1Q9H1R4,6.72e-82,UniRef50_A0A1Q9H1R4 tnsA Tn7_Tnp_TnsA_N domain-containing protein n=53 Tax=Gammaproteobacteria TaxID=1236 RepID=A0A1Q9H1R4_9GAMM,MLCQDSFSENVVLALEQAFHNPARKLTKSRGKNIHRFASAKMGKRVTVESALECDACYCFDFEKDIIRFCAQPIRYSYYYNGKWRTYVPDFLVQFDTGEYVLYEVKPDNIASSSDFLDEWNAKQQAAQTRGLELELVEEKQIRVKNLLKNLKLMHRYASRDCLSDKHNLVLNILRKNGSQSAQYLSDKTGLSRRAIMPVLCNLLSRNLLETDLDTPISFQSEFELVSYG,242,617,213,54.460,116,96,153,1,1,71.83,93,/stor/home/kh36969/gitrepo/NCBI/yciA/LRFP01000032.1.fna
LRFP01000032.1,0..89136,tniQ,39680..40714,lcl|39680|40714|2|1,1,tr|A0A2W1D0I8|A0A2W1D0I8_9PLEO,1.01e-14,tr|A0A2W1D0I8|A0A2W1D0I8_9PLEO tniQ Pectate lyase OS=Pyrenophora tritici-repentis OX=45151 GN=A1F97_07859 PE=3 SV=1,MTNATNRRIVLASRPHGAPTTENFRLEEVAKPVPQAGEMLLRTVYLSLDPYMRGRMSDAESYAEPVALDDVMIGGTVCQVEASNHPDYEAGEWVLAYTVGWQDYAISTGEMVIKLGKEPQNPSYALGVAGMPGFTAYMGLLDIGQPKPGETIVVAAATGPVGATVGQIGKIKGCRVVGIAGGEEKCRYAKEVLGFDECIDHKADDFAQQLKEACYNGIDVYFENVGGKVFEAVMPLLNTSARIPLCGLISQYNATELPEGTDHLPLLMGKLLTKRIKVQGFIIFDDYGHRYGEFAQDINQWLAEGKIHYREHLVEGLDNAPEAFIGLLEGKNFGKLVVKINDPL,72.0,175,299,24.080,72,202,133,10,25,44.48,84,/stor/home/kh36969/gitrepo/NCBI/yciA/LRFP01000032.1.fna
LRFP01000032.1,0..89136,tnsA,67169..69136,lcl|67169|69136|2|1,1,UniRef50_A0A2D2C3Y7,1.47e-04,UniRef50_A0A2D2C3Y7 tnsA Tn7_Tnp_TnsA_N domain-containing protein n=4 Tax=Paracoccus TaxID=265 RepID=A0A2D2C3Y7_9RHOB,MRTKPYIGYVALIALLSLLSLQIDTSLSLSEQWQVFTQPESASEFRDVFFMQSQLPRLSITLLVGAMLGLTGSLMQQLTQNNLTSPLTLGTSSGAWLALVIVNIWFVDWVADYSAFAAMAGALVAFGLIISIAGVRNMTGLPLVVSGMVINILLGSIATALIILNAQFAQNIFMWGAGDLSQYSWDWFEWLLPRSTIAIVILIVAPRILTLMKLGQEGAAARGLAVLPAFGALMVMGIWLVSASITAVGIISFIGLLTPNIARAMGARTPRDELISSMLLGAALLLITDSAAIYLSLLLEETIPSGVAAAAIGAPALIWFTRKKLTATDQLNLSMSQGKTALSNAAVWGIAVMGIIGILAYSFVTHGISGIEFAIPGEFQWQLRWPRMISAISVGVALSIAGIILQRIVYNPLASPDILGVSSGATFAIIITGVMVGSVLAAFNWGVAFLGSLTVLILLLIIGKRSHFNPSNFVLSGIALSALLQALVQFALAQGSGESYKILLWLTGSTYRVTSTSALMLLIAVLVLLAIVFALSRWLTLISIGRAFSDARGLNPSSANTILLVIVALLCAFSTATVGPVSFVGLVAPHMAMMLGARKVKEQLFVGSLIGATLMVWADWLGQIAIYPSQIAAGTLVAIIGSTYFLFLMLKSKFR,42.0,97,121,27.273,33,83,58,2,5,47.93,18,/stor/home/kh36969/gitrepo/NCBI/yciA/LRFP01000032.1.fna
LRFP01000032.1,0..89136,cas5,8220..10142,lcl|8220|10142|3|1,1,"gi|28901243|ref|NP_800898.1|CAS-I-F|cas5f|G5,CASCADE",0.0,"gi|28901243|ref|NP_800898.1|CAS-I-F|cas5f|G5,CASCADE cas5",MATLAEILDNKTDDLNKDLRRAFRPLSAPVDISDTPIEALTILVNLTDRVIEQKDLLDRQKCKDKLRDEKWWANCFRTVKYRQSHNPKFPDIRANGVIRAAPVGHLPSCMLSSSKLPQNSWAYANDSSQMNKSCFLTSEFIWNGDVHCLGQLLTELEHPLWNVLRKLGCYVKTAKYISKELALIPPLEINTSLVRNYLAQISLPNDEDSYISLSPVVSQSMQEDCYQVLSEHYRFSAITRFSRATNMGTLAMSCGGKFKMIRSLPPIEKYQHHHLDSVNWLTKRSVRAIRDYTESSVWVISPNKLALRKKSIIEDIKIMLSQWLRTTPTHEEKLDIRKLTERFNVDLAKTKFANRYAYDPLLTQLIYNCIGSIIHSPPQDAPKYEENDDKYLLLPNLRISGASAMNTSVSIGIPSMMAFYGFVHAFQRNVQTTNPNFKIESFAVCIHNIHVENRGLTREWVPNTKGQITAPATRDDWQCDVAVSLILRCSHYSQLIPRDFIRLLPGRIARGKVTVSISDIKHLGRCLSLADAVKTIPVETGRWLSLNNEVTLNSIQDVIDELKNNKLQTVNCIGYHRLETPCEKRGSLHGYKHAFVETILGIIKFLTISENTNPSQYFWQYHYSKQGPILLPRSVSDETS,1309,3388,640,98.281,629,11,634,0,0,99.06,100,/stor/home/kh36969/gitrepo/NCBI/yciA/LRFP01000032.1.fna
LRFP01000032.1,0..89136,cas7,10129..11172,lcl|10129|11172|1|1,1,"gi|433660433|ref|YP_007301292.1|CAS-I-F|cas7f|G7,CASCADE",0.0,"gi|433660433|ref|YP_007301292.1|CAS-I-F|cas7f|G7,CASCADE cas7",MKLPNSLSYMKSIEASDVIFLVNWPDGRKTPLPYTSRVALGMKEGSKSAYKDDGQIDADVTAYSLAQGNPHEIDFCCVPYGSESIECEFSVSFASSLRKPFKCSDPEVKRTLVQLIKLYEEKVGWEELANRFLENICNGRWLWRNNECTYSTSIGIKPWPWEDEKAISPFHDIRKNYAGTNHFRDHKDWDNLIKLITDAFSQPNGLCIFEVSATFRLGTNAPIYPSQVFKDSVKGEKNRIYQSTDVDGESSPILGCYKTGAAIATIDDWYPDADKPIRISHYGAHKDDVYCYRHPNTGKDLFTLLEKADQYLEQLQATDVLPDEMINDLHFIVANLIKGGLLQRKGT,719,1856,347,98.559,342,5,346,0,0,99.71,100,/stor/home/kh36969/gitrepo/NCBI/yciA/LRFP01000032.1.fna
LRFP01000032.1,0..89136,cas6,11176..11772,lcl|11176|11772|1|1,1,gi|525847193|ref|YP_008267629.1|CAS-I-F|cas6f|cas6,3.43e-146,gi|525847193|ref|YP_008267629.1|CAS-I-F|cas6f|cas6 cas6,MDWYYRTITFLPEYRNNEAIAAKCIKELHRFNYKYETRSIGVSFPLWGQETVGRKITFVSTNKMELDFLISRRYFVQMTKLGYFSISTTQTVPDECSYVLFKRAHSIDKETSAGRARELKRLERRALERGEIFDPIAYSKTTSHAFQSYHSLEEDSSGGNKFRLNIQMKERSGTVGTGTFSSYGLGNTDNSLQVVPLI,403,1035,198,97.475,193,5,195,0,0,98.48,100,/stor/home/kh36969/gitrepo/NCBI/yciA/LRFP01000032.1.fna
LRFP01000032.1,0..89136,parE,13045..14418,lcl|13045|14418|1|1,1,WP_184123230.1,2.34e-40,WP_184123230.1 parE DEAD/DEAH box helicase family protein [Mycobacteroides chelonae],MLRDWQRNCIKEALGKYKSGNKHFLTQATPGAGKTIMAAYLSKQLLDSNMIDLIICISPSVNVANGFTRTFSRVLQCSFNGSLGSLGTSLTYQAIQYLDDQFWETISKHRVLAIFDEIHHCSGETLSDANAWGEQIILKVQKASKYTLALTGTPWRSDSLPISLSSYSNPEGKIICDYQFTLKQAITDRVCRKPKLVLVDNEQLQYVSPEESKSYSSIQALFKEQKISYSSILQDADALVHILKLSASKLLSIRASNQDAGGLIVASSVAHARQIQTILNEQLKQPSVMVSYHDPDAQKIIEQFKNDHSPWIISIGMISEGTDIPRLQVCCHLSNVRTELYFRQVLGRILRITDSNNQEAWLYTLAEENLVKFAEEIEQDIPDSCLYIKQPEDKEEEDAHSLETSSSHTVRTFSKLGDFKWNNSDTSVQVGNENSVPYGSFTLGRFRERVIEAFVGI,150,378,367,30.245,111,227,174,12,29,47.41,77,/stor/home/kh36969/gitrepo/NCBI/yciA/LRFP01000032.1.fna
LRFP01000032.1,0..89136,yciA,19161..19646,lcl|19161|19646|3|1,1,WP_011072708.1,3.12e-88,WP_011072708.1 yciA acyl-CoA thioesterase [Shewanella oneidensis],MSSGQRDITLRFLAEPGDVNFGGKVHGGAVMKWIDLAAYACSAAWSGKYCITAYAGGIRFVAPIHVGNLVEVSAKVIYTGRSSMHIAIDVQASDPKQMKNRLTTHCIVIMVAVDESGKPTDVPKWIPESDEDKALEQSAIRLMNMRKEIGEEMEAHVKYLK,252,644,158,74.684,118,40,135,0,0,85.44,98,/stor/home/kh36969/gitrepo/NCBI/yciA/LRFP01000032.1.fna
LRFP01000032.1,0..89136,CRISPR array,11904..11984,,,,,"Copies: 2, Repeat: 21, Spacer: 38",GTGAACTGCCGAATAGGTAGA,,,,,,,,,,,,/stor/home/kh36969/gitrepo/NCBI/yciA/LRFP01000032.1.fna
