NNCJ01000363.1,0..46620,tniQ,11064..10030,lcl|11064|10030|1|-1,-1,tr|A0A2W1D0I8|A0A2W1D0I8_9PLEO,1.89e-15,tr|A0A2W1D0I8|A0A2W1D0I8_9PLEO tniQ Pectate lyase OS=Pyrenophora tritici-repentis OX=45151 GN=A1F97_07859 PE=3 SV=1,MTNATNRRIVLASRPHGAPTTENFRLEEVAKPVPQAGEMLLRTVYLSLDPYMRGRMSDAESYAEPVALDDVMIGGTVCQVEASNHPDYEAGEWVLAYTVGWQDYAISTGEMVIKLGKEPQNPSYALGVAGMPGFTAYMGLLDIGQPKPGETIVVAAATGPVGATVGQIGKIKDCRVVGIAGGEEKCRYAKEVLGFDECIDHKADDFEQQLKDACYNGIDVYFENVGGKVFEAVMPLLNTSARIPLCGLISQYNATELPEGTDHLPLLMGKLLTKRIKVQGFIIFDDYGHRYGEFAQDINQWLAEGKIQYREHLVEGLDNAPEAFIGLLEGKNFGKLVVKINDPL,74.3,181,299,24.415,73,201,134,10,25,44.82,84,/stor/home/kh36969/gitrepo/NCBI/yciA/NNCJ01000363.1.fna
NNCJ01000363.1,0..46620,tnsA,31724..32347,lcl|31724|32347|2|1,1,UniRef50_Q87GC1,1.63e-157,UniRef50_Q87GC1 tnsA Tn7_Tnp_TnsA_N domain-containing protein n=42 Tax=Gammaproteobacteria TaxID=1236 RepID=Q87GC1_VIBPA,MKKRIIKNSKVKNISRFVSLKTDSVQTTESDLEFDACFHFEFASHVKSFETQPLGFEYRLNGRLRRYTPDMLCYFNDGYATYYEVKPKWVTERDEFKKKFDAQKQQAIANGYDLLVLTEDDIQTYPLLDNLKIIHRYACSDSLDDVQVRILKLFQNYGEMRISQVINASQGQSASILPALYDLIAKKILEFDWHCPISHDSLVWRVS,432,1111,207,100.000,207,0,207,0,0,100.00,100,/stor/home/kh36969/gitrepo/NCBI/yciA/NNCJ01000363.1.fna
NNCJ01000363.1,0..46620,tnsB,32344..34218,lcl|32344|34218|1|1,1,UniRef100_A0A1T5HV69,5.61e-119,UniRef100_A0A1T5HV69 tnsB Transposon Tn7 transposition protein TnsB n=1 Tax=Photobacterium piscicola TaxID=1378299 RepID=A0A1T5HV69_9GAMM,MSDDSENLYAFGSFFPEKHSNTSVPKTSKGTRFGIELQESYQDLFSFDEKRRDEAIHRYNILDYLIELHGPSLTLKKISGSMKGLADKFHPNVPSAPSIYRYWTTFKKSGFVLSSLIPGVTRGNTKQRKTLELEEYIERAIKSYFSAESPTIQQAFTLLETEIDRHNECNDTQLSFEYESFRKRIVKKTDYERLLIKKGKKAADTYYKKVGQRPETTRVLQRVEADHTRLDLFVIDDARKLPLGRPWLTLLFDTHTKSVVGFYLGFEPPGYLSVSLALENAILPKYYVKELYPEVKGEWPCYGLPEHLIVDNGAEFNSKDFVTACKNLRIKVKKNPVKKPWLKGSVERYFRTINNKLLSGIPGKSFSNIFARGDYNPQKNAIITRSDLMKVIHVWLIDIYQSSPNGLENNIPNLSWADAMRSAFPPRSFNGSIDELRFNLGKHVEISLDRNGIRLKKTLRYTSSYLAQYFGKHTYDGKSIKVKIKYNPICMGSIYVLDEDKHEFFAVESVDPDYAYSVSEWLHKVCCDYARNHIRNNYRHNDVIKAWRVIYDIIDEALHLSGNGKQANVGIRQASKLERVREHAERTKSHQKPELHMSSNDDIDWDVEVNTDGWKIDSVRGTNK,364,935,617,35.332,218,374,344,9,25,55.75,98,/stor/home/kh36969/gitrepo/NCBI/yciA/NNCJ01000363.1.fna
NNCJ01000363.1,0..46620,tnsB,34419..35168,lcl|34419|35168|3|1,1,UniRef100_A0A1T0A091,2.09e-11,UniRef100_A0A1T0A091 tnsB Transposon Tn7 transposition protein tnsB n=1 Tax=Moraxella caviae TaxID=34060 RepID=A0A1T0A091_9GAMM,MEANDGSIIPILFTSLPANANPVTASERLLSSMGDPLAFSHGKDPAELMKIVNDLLRECRVELIIIDEFQHMIDRKSKDVLHSTADWLKMIIIDSKIPVVLFGMPYSTEILRVNNQLRGRFESQHHLKPFRVKDTSELIRYKTFMTMLDAALPFLEESGLASEDIMKRVYIFSKGNMRLIRRLINKAAKFALLENAPCISLKHFARAAPKVSRDACKSFNPFDTDTKKLKIIEPPEDVGWENYLAAKGD,61.6,148,199,24.121,48,134,94,6,17,47.24,78,/stor/home/kh36969/gitrepo/NCBI/yciA/NNCJ01000363.1.fna
NNCJ01000363.1,0..46620,tniQ,42673..41483,lcl|42673|41483|3|-1,-1,tr|S5IUU9|S5IUU9_VIBPH,0.0,tr|S5IUU9|S5IUU9_VIBPH tniQ Uncharacterized protein OS=Vibrio parahaemolyticus O1:Kuk str. FDA_R31 OX=1338034 GN=M634_16400 PE=4 SV=1,MMLLQRPKSYPDESLESFFIRVANKNGYNDVHWFLVAVKRYLLDIDPRKFQTFPTDICCINPYSSKKHSISRTHALHHLSQLTFNEPVDLLGIALNRNQMQFSPSTTALIRGAEVIPRSLLRKGAIPCCPCCLGEHGYASYRWHFSGYEYCHEHDVKLIERCSCGAIYDYRYAGLSGVCTECGENISASQENHEPKATRIASWLAGDDVKPLPDVPLSYRWGFMHWWSQISSSCKTRNNGEFLAFWEHWPNSFHKLIGKEIDFNFEYCVLSKNDLRVKDILGKILFSSIQLPDRNFRSNIILKEMFQYIETHLWDDNGKLANLRMNMLEICVLLNCSREQVTSMIEQGLLPPNRQLGKREILIVTEYAFYLGDVYCLWLSEFQSDEFNRSFYLSRW,789,2037,396,94.949,376,20,386,0,0,97.47,100,/stor/home/kh36969/gitrepo/NCBI/yciA/NNCJ01000363.1.fna
NNCJ01000363.1,0..46620,cas6,38526..37930,lcl|38526|37930|1|-1,-1,gi|28901245|ref|NP_800900.1|CAS-I-F|cas6f|cas6,1.24e-150,gi|28901245|ref|NP_800900.1|CAS-I-F|cas6f|cas6 cas6,MDWHYRTITFLPEYRNNEAIAAKCIKELHRFNYKYETRSIGVSFPLWGQETVGRKITFVSTNKMELDFLISRRYFVQMTKLGYFSISTTQTVPDDCSYVLFKRAHSIDKGTFAGRARELKRLERRALERGEIFDPIAYSKTTSHAFQSYHSLEEDSSSGNKFRLNIQMKERSGTVGTGKFSSYGLGNTDNSLQVVPLI,414,1064,198,100.000,198,0,198,0,0,100.00,100,/stor/home/kh36969/gitrepo/NCBI/yciA/NNCJ01000363.1.fna
NNCJ01000363.1,0..46620,cas7,39573..38530,lcl|39573|38530|1|-1,-1,"gi|28901244|ref|NP_800899.1|CAS-I-F|cas7f|G7,CASCADE",0.0,"gi|28901244|ref|NP_800899.1|CAS-I-F|cas7f|G7,CASCADE cas7",MKLPNGLSYMKSIEASDVIFLVNWPDGRKTPLPYTSRVALGMKEGSKSAYKYDGQIDADVTAYSLAQGNPHEIDFCCVPYGAESIECEFSVSFASSLRKPFKCSDPEVKRTLVQLIKLYEEKVGWEELANRFLENICNGRWLWRNNECTYSTSIGIKPWPWEDEKAISPFHDIRKNYAGTNHFRDHKDWDNLIKLITDAFSQPNGLCIFEVSATFRLGTNAPIYPSQVFKDSVKGEKNRIYQSTDVDGESSPILGCYKTGAAIATIDDWYPDADKPIRISHYGAHREDVYCYRHPNTGKDLFTLLEKADQYLEQLQATDVLPDEMINDLHFIVANLIKGGLLQQKGT,727,1876,347,100.000,347,0,347,0,0,100.00,100,/stor/home/kh36969/gitrepo/NCBI/yciA/NNCJ01000363.1.fna
NNCJ01000363.1,0..46620,cas5,41482..39560,lcl|41482|39560|3|-1,-1,"gi|28901243|ref|NP_800898.1|CAS-I-F|cas5f|G5,CASCADE",0.0,"gi|28901243|ref|NP_800898.1|CAS-I-F|cas5f|G5,CASCADE cas5",MATLAEILDNKTDDLNKDLRRAFRPLSAPVDISDTPIEALTILVNLTDRVIEQKNLLDRQKCKDKLRDEKWWANCFRTVKYRQSHNPKFPDIRANGVIRAAPVGHLPACMLSSSKLPQNSWAYANDSSQMNKSCFLTSEFIWNGDVHCLGQLLTELEHPLWNVLRKLGCYVKTAKYISKELALIPPLEINTSLVRNYLAQISLPNNEDSYISLSPVVSQSMQEDCYQVLSEHYRFSAITRFSRATNMGTLAMSCGGKFKMIRSLPPIEKYQHHHLDSVNWLTKRSVRAIRDYTESSVWVISPNKLALRKKSIIGDIKMMLSQWLRTTPTHEEKLDIRKLTERFNVDLAKTKFANRYAYDPLLTQLIYNCIGSIIHSPPQYAPKCEGNDDKYLLLPNLRISGASAMNTSVSIGIPSMMAFYGFVHAFQRNVQTANPNFKIESFAVCIHNIHVENRGLTREWVPNTKGQITAPATRDDWQCDVAVSLILRCSHYSQLIPRDFIRLLPGRIARGKVTVSISDIKHLGRCLSLADAIKAIPVETGRWLSLNNEVTLNSIQDVIDELKNNKLQTVNCIGYHRLETPCEKRGSLHGYKHAFVETILGIIKFLTISENTNPSQYFWQYHYSKQGPILLPRSVSDETS,1333,3451,640,100.000,640,0,640,0,0,100.00,100,/stor/home/kh36969/gitrepo/NCBI/yciA/NNCJ01000363.1.fna
NNCJ01000363.1,0..46620,yciA,31582..31097,lcl|31582|31097|3|-1,-1,WP_011072708.1,5.00e-88,WP_011072708.1 yciA acyl-CoA thioesterase [Shewanella oneidensis],MSSGQRDITLRFLAEPGDVNFGGKVHGGAVMKWIDLAAYACSAAWSGKYCITAYAGGIRFVAPIHVGNLVEVSAKVIYTGRSSMHIAIDVQASDPKQMKNRLTTHCIVIMVAVDESGKPTDIPKWIPESDEDKALEQSAIRLMNMRKEIGEEMEAHVKYLK,252,643,158,74.051,117,41,135,0,0,85.44,98,/stor/home/kh36969/gitrepo/NCBI/yciA/NNCJ01000363.1.fna
NNCJ01000363.1,0..46620,parE,36597..35224,lcl|36597|35224|1|-1,-1,WP_183466676.1,2.78e-40,WP_183466676.1 parE DEAD/DEAH box helicase family protein [Mycolicibacterium iranicum],MLRDWQRNCIKEALGKYKSGYKHFLTQATPGAGKTIMAAYLSKQLLDSNMIDLIICFSPSVNVANGFTRTFSRVLQCSFNGSLGALGTSLTYQAIQYLDEQFWETISKHRVLAIFDEIHHCSGETLSDANAWGEQIILKVQKASKYTLALTGTPWRSDSLPISLSSYSNPEGKIICDYQYTLKQAITDRVCRKPKLVLVDNEQLQYVSPEESKYYSSIQALFKEQKISYSSILQDTDALVHILKLSASKLLSIRASNQDAGGLIVASSVAHARQIQTILNEQLKQPSVMVSYHDPDAQKIIEQFKNGHSPWIISIGMISEGTDIPRLQVCCHLSNVRTELYFRQVLGRILRITDSNNQEAWLYTLAEENLVKFAEEIEQDIPDSCLYIKQPEDKEEEDAHSLETSSSHTVRTFSKLGNFKWNNSDTSAQVGNENSVPYGSFTLGRFRERVIEAFVGI,149,377,393,30.789,121,243,181,12,29,46.06,82,/stor/home/kh36969/gitrepo/NCBI/yciA/NNCJ01000363.1.fna
NNCJ01000363.1,0..46620,CRISPR array,37660..37800,,,,,"Copies: 3, Repeat: 29, Spacer: 30",ATTATCAGCTACCTATTCGGCAGTTCACT,,,,,,,,,,,,/stor/home/kh36969/gitrepo/NCBI/yciA/NNCJ01000363.1.fna
