CP016345.1,0..97097,tnsA,20000..20623,lcl|20000|20623|2|1,1,UniRef50_A0A090P7F5,1.81e-142,UniRef50_A0A090P7F5 tnsA Tn7_Tnp_TnsA_N domain-containing protein n=102 Tax=Gammaproteobacteria TaxID=1236 RepID=A0A090P7F5_9VIBR,MFDQTKKSSHVHNICKFMSLKNDAVVRTLSILEFDFCFHLEYNPDVEKYLSQPHGYHYQFNNRKCRYTPDFLVFDRQERSSFIEIKHSSQILKPDFRARFAEKQRVAREEHDKRLILITEKQIRINPIFNNLKLLHRYSGLHSVTKVQKSVLGYIQRKQRVKLYEVSEYLGLSEHETLTSALCWLSSGKVKTDFKSADFSLNSYVWC,394,1011,207,89.372,185,22,198,0,0,95.65,100,/stor/home/kh36969/gitrepo/NCBI/ffs/CP016345.1.fna
CP016345.1,0..97097,tnsB,20623..22503,lcl|20623|22503|1|1,1,UniRef100_A0A378ML46,0.0,UniRef100_A0A378ML46 tnsB Transposon Tn7 transposition protein tnsB n=1 Tax=Vibrio anguillarum TaxID=55601 RepID=A0A378ML46_VIBAN,MVASELDNFVGFFDEVEASRSEAQMESQIPVELFQSDTDRSSSFDSLPEKTQKEVLRRLKIIQFVEVRLKGGWTEKNLDPILNMVENALELPRPSWRTLASWKKDYYESGKKWLSLIPKHTQKGNRTAHTDSQFLIDEAIERKYLTRERLSVAETYRYYKSRVIKTNQTIVEGKIDLISQRAFYDRVNSLPAYDVAVARYGKRYADRAFRSVGQQIPATKPMEYVEIDHTPVPVILIDDELDVPLGRPYLTMLYDRFSKCIVGLSVNFREPSFDSVRKALLNALLNKNWVKDKYPSVKNDWPCCGKIDYLVVDNGAEFWSNSLEDSLKPLVSDIQYSQAAKPWRKSGIEKLFDQLNKGLTNSLPGKTFTNPTQLEDYDPKKESVVRVSVFLELLHKWVIDYYHMSPDARERDVPYHKWHESKWRPNTYEGEEKSRLKIELGLLRHRTIGLAGIRLHNLRYQSDELIEYRKYCSVKYERKLFVKTKTDPSDISSIYVYLEFENRYIRVPAVDNSGYTQGLSLFEHERIQRVRRLNTKRMVDEEALADTYLYMESRIEAETERLRNYGNKKRSQPKIGNTSKLAKFRDVGTTGPSSIITKSVNEPLTNSYDESVIDLDDEDFDEIEGY,928,2399,629,70.747,445,172,529,3,12,84.10,99,/stor/home/kh36969/gitrepo/NCBI/ffs/CP016345.1.fna
CP016345.1,0..97097,tniQ,27107..28114,lcl|27107|28114|2|1,1,tr|A0A240EJR5|A0A240EJR5_9VIBR,7.07e-177,tr|A0A240EJR5|A0A240EJR5_9VIBR tniQ Uncharacterized protein OS=Vibrio thalassae OX=1243014 GN=VTH8203_02388 PE=4 SV=1,MRVRVFIYLENQLKLSNFGVLRLTLTHSKSQFSPDFKAVHRLGVDYPYAFLRKRFTPVCPSCLSEASYIRQHWHLIPHQVCEKHGCELIHRCPECYALLEYQSIESITQCECGFHLPEALPKPASKSAQIVARWLTGDHLDVVGPMGKAMSISERYGLLLWYVNRYGRLEDFSLDEFVQYCAIWPKRLHQDLDMLAKKAELVRIKEWKQTFFSEIFGTLLKECRYLPSRQLSKNIVLAELLRYFNRLVADHPSSVKGNIADILLSPLEASTLLSCTTDEIYRLYEYGEIKAAVRPQMHVKIASHESVFTLRSVVETKLARMCSENDGLSVYLPEW,494,1271,335,67.463,226,109,274,0,0,81.79,100,/stor/home/kh36969/gitrepo/NCBI/ffs/CP016345.1.fna
CP016345.1,0..97097,tniQ,44017..43109,lcl|44017|43109|2|-1,-1,tr|A0A498PN23|A0A498PN23_9MYCO,1.58e-05,tr|A0A498PN23|A0A498PN23_9MYCO tniQ HTH lysR-type domain-containing protein OS=Mycobacterium attenuatum OX=2341086 GN=LAUMK136_00063 PE=4 SV=1,MENKQHVVSNLYTFNVAAKCLSFTNAAEELHLTQGAVSQRIKQLEQQLGFKLFIRLTRKLELTEEGKRLYETVSGSFSTIFSDIDDIRFNELTGELYIGVAPTFAQSWLLPKLANFQDRYPNLNLKIRVKASYLDFHHEPVDLAIYYSREPQSDMHNEMLFEEYLTPVCTPLYAEKHKITDQVSSLTNANLIHCTESIDSANYDFEWQHWLKQQTEPITPNANYYVFNHGEMAVSAVKNHMGVGMGRVALIQPYLDSGELIAPFGVIPADMKYLLICPKGMEERPRFKAFTSWLRSQLVEDH,44.3,103,66,37.879,25,39,39,1,2,59.09,21,/stor/home/kh36969/gitrepo/NCBI/ffs/CP016345.1.fna
CP016345.1,0..97097,tniQ,77097..76549,lcl|77097|76549|3|-1,-1,tr|A0A417XIF4|A0A417XIF4_9CLOT,6.07e-05,tr|A0A417XIF4|A0A417XIF4_9CLOT tniQ GNAT family N-acetyltransferase OS=Clostridium sp. OF09-10 OX=2292309 GN=DXA91_00825 PE=4 SV=1,MSPDFEIITPRLALRLIPADDANALHTLLAESPSLHTWLDWCGENVSLKYAQDFLLSTRLNWVKTEAFGFGVYDRESNALLGMVAINELYHTFNMASIGYWIADRYQRQGYAQEAVCALAEFCFAKLSLTRIEIVCDPDNTASQALIESVGAHQEAIARNRYIFDGKPKDGIVYSLLPEDLK,39.7,91,116,25.862,30,72,53,3,14,45.69,64,/stor/home/kh36969/gitrepo/NCBI/ffs/CP016345.1.fna
CP016345.1,0..97097,ffs,19784..19880,,1,ffs,9.10e-41,ffs,CTCTGGTCCTCTCGCAACAATAGCTCGTGAACTCGGTCAGGTCCGGAAGGAAGCAGCCGCAGCGTGTGACTTGTGTGCCGGGATGTGGCTGGGGTCC,163,88,97,96.907,94,3,94,0,0,96.91,0,/stor/home/kh36969/gitrepo/NCBI/ffs/CP016345.1.fna
CP016345.1,0..97097,cas8f,28117..30213,lcl|28117|30213|1|1,1,"gi|375263742|ref|YP_005025972.1|CAS-I-F|cas8f|LS,CASCADE",0.0,"gi|375263742|ref|YP_005025972.1|CAS-I-F|cas8f|LS,CASCADE cas8f",MIKLGDVLAIEKDEVKQATLKKVFMPYSQNIDIDGHEREALTVLINLSSHHKGSKCTDWLDIDRAKSYLSQEANVDLSLAEIKWFHTHNLKYPDCRVSAQRIIAEPLPAEGAFISSSGLPPSLGWAHNAASYRHTIWLLSSFCWQSRTVSIVSLIQQQNPVWLDLLQEFGLSVKSLNLISEEIELQLSSTTFPTEVNTYSKQLRFPWNGDYLSVTPVVSHAMQSELEHRQRSEDSHLKFVTMLLPNSASIGNLCGSVGGYMKVLNYPLDISPKVNRASSEQTLGASRQRNGRYFDDYQITNIRICEILNRLVGAEPLKTHKQRVKARKDQSKILRKQIALWMLPLIELRDRMVNDERERTMHGDQLIHDFLFLPERELSSLATSLNQKLHLVMQGNKFTRKFAYHPRLMQLIKAQIVWILDVLSKPQQQEGGCGAEEQYIYLSSLRVQDALAVSSPYLCGVPSLTAIWGFVHQYQRDFNTLTNGDAFYDFTGFAFYVRSQNIIATAKLTEPCSLAKARTLSNAKRSTIRGDRLADLEIDLVIRVQSRGRLSDCSSELKNALPVSFAGGSVFQPRISSKIDWLRTFCSRSSLLHILKGLPAYGSWLYPSERQPESFDELELMLLENENYLPVSNGYHLLEVPTQRKNSLTDLHAYVENTLSVANQVNPIEMRFSGRAPFFEQAFWSLECSPTTILIKKL,976,2523,697,67.001,467,228,560,2,2,80.34,99,/stor/home/kh36969/gitrepo/NCBI/ffs/CP016345.1.fna
CP016345.1,0..97097,cas7,30227..31264,lcl|30227|31264|2|1,1,"gi|375263741|ref|YP_005025971.1|CAS-I-F|cas7f|G7,CASCADE",0.0,"gi|375263741|ref|YP_005025971.1|CAS-I-F|cas7f|G7,CASCADE cas7",MELCSQLNYVRSLSAGKACFYYLTPSGDMCPLSIDKTRLRAPKGGYSEAYRGSQFHQKNVAPQDLAYANPQFIEECYVPPSTDEIVCEFSLRVKANSLHPEVCNDDSVREQLALLAATYKDLNGYQELAYRYAKNILLGTWLWRNRECRGVAIEVTTSDGEIILISDATRLSWYGHWDEQSTESLERLTSYLSRALSDSAQYFYMDVKALLAVGRGDEVHPSQEFLDDKQEGVPTKQLAKVRLADGRETAAFHAQKIGAALQSIDDWWHEKADKPLRVNEYGADREYVIARRHTQSGNDFYQLIRRTEAWTEEMEKSKSIPNDVHFIMSVLIKGGLFNSSKSTAK,580,1495,338,79.290,268,70,306,0,0,90.53,98,/stor/home/kh36969/gitrepo/NCBI/ffs/CP016345.1.fna
CP016345.1,0..97097,cas6,31191..31901,lcl|31191|31901|3|1,1,gi|375263740|ref|YP_005025970.1|CAS-I-F|cas6f|cas6,2.94e-110,gi|375263740|ref|YP_005025970.1|CAS-I-F|cas6f|cas6 cas6,MMFILLCRYSLRVGCLIVLRVLLSEVRMISKRYYFSIRYVPLHADFGLLAGRCIQQMHMFIVNNPLAKNKVGVCFPRWNATNIGDTIAFVMDDKEVLLGLSFQSYFSMMVKEGGFELSRVCEVPVNTPEVRFVRNQIVGKSFIASKQRRMKRSMLRADLSATEHTPIAKEERVVDHFHRVPISSASSGQEYLLHIQKEFVESREQANFNSYGLATNQEKRGTVPDLSIYPFFEESM,314,804,200,73.500,147,53,171,0,0,85.50,85,/stor/home/kh36969/gitrepo/NCBI/ffs/CP016345.1.fna
CP016345.1,0..97097,csx1,67739..66579,lcl|67739|66579|1|-1,-1,gi|292492853|ref|YP_003528292.1|CAS-III|csx1|CARF,1.81e-51,gi|292492853|ref|YP_003528292.1|CAS-III|csx1|CARF csx1,MAVHVGIIDQDPVRLVTPLLDNRTLSSHIVFIGDSSQKEMYNRLSSVLTQREITSEFFEIPSAVNTTLIKQSIQKLAKDLHDRGEEVKLNASCGLRHRLLSVYEVFRTYHWPIFVVEPNSDKLCWLYPDGQEDTQVEDHIKIADYLTIFGARGEFQYLDLPPLLDKKLYDLGERWASNALELGPGLATLNYLATTCRKEQKLDVELSEKQQGYRELNMLLSDLVEAQIATYENGILTFANEDARRFSNGEWLETLVHSTVKQIQDTMPTIQDRSLNVQVYRKLGESEVRNELDVATVVNNKLHIIECKTKGMRDDGDDTLYKLESLRDLLGGLQARAMLVSFRPLRHNDITRAEDLGLALIGPDELKDLKTHLTAWFKAAGGSDEV,175,444,392,31.633,124,241,191,8,27,48.72,97,/stor/home/kh36969/gitrepo/NCBI/ffs/CP016345.1.fna
CP016345.1,0..97097,cas6,70200..70550,lcl|70200|70550|3|1,1,gi|78043250|ref|YP_360953.1|CAS-I-A|cas6|cas6,0.004,gi|78043250|ref|YP_360953.1|CAS-I-A|cas6|cas6 cas6,MPEETIFSKIIRKEIPADVLYQDDLVTAFRDINPRAPSHILIIPNKLIPTVNDVEAEDEAMMGRLFTVARKLAKDEGIAEDGYRLIVNCNPHGGQEVYHIHMHLLGGRPLGPMVVS,34.3,77,44,34.091,15,29,25,0,0,56.82,38,/stor/home/kh36969/gitrepo/NCBI/ffs/CP016345.1.fna
CP016345.1,0..97097,cas3,81421..77960,lcl|81421|77960|2|-1,-1,gi|347756299|ref|YP_004863862.1|CAS-I|cas3HD|cas3,3.58e-08,gi|347756299|ref|YP_004863862.1|CAS-I|cas3HD|cas3 cas3,MTKATILSVTNPSERGDKKQLGNLPGAALPLAIAELAKQHTSHSLLVVPDPQIALKLQAEIEQFTDQPVSLFPDWETLPYDNFSPHQEIISDRIARLYQLPTQQNGITIVPVSTVLQRQSPRDFLLQHTLMVKTGDQFSLEKLRVQLENSGYRHVDQVFGPGEYASRGSILDLFPMGCDDPYRIDFFDDEIDTIRTFDPENQRSIEDIKQIQLLPAHEFPTTKDAIEEFRTRWRTQFEARREPESIYMQVTKGTWPAGIEYWQPLFFDHTETLFDYLPEDSQLITYGDIEAAVETFLTDVEYRYDQKKIDPLRPLLAPHDLWLKKDELFTHFKQLPQAQLHLDKIVKRAGRQNLAVQSLAELGVQQQNKEPLSRLRQFSEQFTGKIIFSVESEGRREALTELLQGIKVRPVVHQSFYQALDSKDRFSLILGATEHGFIHDELNFALICESDLLGDRVIQRRRKDKKTVNSDTVIRHLAELKPGQPVVHIDHGIGRYIGLQTLEAGGMKTEYVTLEYQNDAKLYVPVSSLNLISRYSGGAEESAPLHKLGGEAWVKARRKAAEKVRDVAAELLDVYAKRELKPGFKFELDRGQYATFKATFPFEETDDQAMAINAVMSDMCQPKAMDRLVCGDVGFGKTEVAMRAAFVATDNSKQVAVLVPTTLLAQQHFENFRDRFANLPIRVEVLSRFKSAKEQKAILQDVAEGKVDIVVGTHKLLSNDIRFKDLGLLIVDEEHRFGVRQKEKVKAMRADVDILTLTATPIPRTLNMAMSGMRDLSIIATPPARRLAIKTFVRQREEPVVREAVLREIMRGGQVYFLHNQVETIEKTAEDLQKLIPEARITVAHGQMRERELERIMNDFYHQRFNVLVCTTIIETGIDVPTANTIIMDRADNLGLAQLHQLRGRVGRSHHQAYAYLLTPHPKAMTKDAIKRLDAIASLEDLGAGFTLATHDLEIRGAGELLGDEQSGQIQSVGFTLYMEMLEQAVEALKEGKEPSLDELLREQTEVEMRIPALLPDDYIPDVNTRLSMYKRIASVTNADELSELKVELIDRFGLLPDATKNLLAVSELKFAAGSLKAKKIEAHDKGGFVEFYPDADINPAYLVKLLQSQPQKFAMEGPTKFKFSVPLTDRRKRVQFVKDLLNDFKQNLLPTS,56.6,135,166,27.711,46,106,85,6,14,51.20,14,/stor/home/kh36969/gitrepo/NCBI/ffs/CP016345.1.fna
CP016345.1,0..97097,parE,11255..14368,lcl|11255|14368|2|1,1,VFJ57583.1,2.42e-04,"VFJ57583.1 parE ParE toxin of type II toxin-antitoxin system, parDE [Candidatus Kentron sp. DK]",MLLSDISVKRPIASLVLSMLLCVFGFVSFSKLSVREMPDIESPVVSITTRYEGASATIIESQITSVLEDQLSGISGIDEISSTTRNSSSRITITFDLGYDLNTGVSDVRDAVARAQRSLPDEADDPIVYKNNGSGEASLYINLSSSEMDRTQLTDYAERVLMDRFSLISGVSSIDLSGGLYKVMYVKLKPDLMAGRAVTASDITTALRNENLESPGGEVRNDSTVMSVRTARTYKTPEDFQYLVVKRASNGTPIYLKDVADVFIGAENENSTFKSDGVVNISLGVVPQSDANPLEVAERVRSEVDNIQKFLPEGTRLAIDYDATVFIERSIEEVYSTLFITGGLVILVLYIFIGQARATLIPAVTVPVSLISSFIAAYYFGFSINLITLMALILSIGLVVDDAIVVVENIFHHIERGESPLLAAYKGTREVGFAVVATTFVLVMVFLPISFMDGMVGLLFTEFSVLLAMSVIFSSLIALTLTPVLGSQILKANVKPNRFNETVDRMFAKLEAGYRGALKGALKVRWIAPLVILACMGGSYVLMNQVPAQLTPQEDRGVIFAFVRGADATSYNRMSANMDIVEDRLMPLLGQGFLKSFSIQTPAFGGQAGDQTGFVIMILEDWNERNITAQQALGQVRGALAGIPDVRVFPFMPGFRGGSSEPVQFVLGGSDYDELLVWAEALKNKAEESPMMEGAEIDYSEKTPELLVTVDRQRAAELGVSVKDISDTLEIMLGGKSETTYVDRGEEYDVYLRGDENSFNNAADLSQIYLRTNSGELVTLDTVTKIEEVAASIRLSHYNKQKSITITANLSEGYTLGEALNFLDQEAIDSLPGDISVSYSGESKDFKENQSSVAVVFALALLVAYLVLAAQFESFVNPLVVMFTVPMGVFGGFLGLIVMSQGMNIYSQIGMVMLIGMVTKNGILIVEFANQLRDRGVEFEKAIIDAAARRLRPILMTAFTTLAGAIPLISSTGAGYESRVAVGTVIFFGMGFATMVTLFVIPAMYRLIAANTRAPGHVEAELNKALSQDTKGRIAHP,40.4,93,70,32.857,23,47,35,0,0,50.00,7,/stor/home/kh36969/gitrepo/NCBI/ffs/CP016345.1.fna
