LDOT01000002.1,0..62753,tniQ,21007..20000,lcl|21007|20000|2|-1,-1,tr|A0A240EJR5|A0A240EJR5_9VIBR,1.92e-179,tr|A0A240EJR5|A0A240EJR5_9VIBR tniQ Uncharacterized protein OS=Vibrio thalassae OX=1243014 GN=VTH8203_02388 PE=4 SV=1,MRVRVLMHLENQLNLDDFRVLHIVLAHSKSQFSPDFKAVHRCGVDYPFAFLRKRFMPVCPLCLAESAYVRQHWHFIPIQACEQHGCKLIHRCPACDGLLEYQSTECMTHCECGFNLLSTPTTSASASELLISRWLTGTQLDVAGLMGKALSISERYGFLLWYVNRYGDLEDISFDVFVEYCTTWPKSLRKDLDECVQKADAIRVKRWKQVFFSEAFGALLKGCRQLPSRQLSKNCVLVEILNYFKRLVADNPKSSKGNIADVLLSPLEASTLLSCTTDEVYRLYEFGEIKAAMRPKIHTKIASHESAFTLRSVVETRLTRMCSENDGLSVYLPEW,500,1288,335,68.358,229,106,275,0,0,82.09,100,/stor/home/kh36969/gitrepo/NCBI/ffs/LDOT01000002.1.fna
LDOT01000002.1,0..62753,tnsA,23851..22574,lcl|23851|22574|2|-1,-1,UniRef50_UPI000996D35A,4.21e-04,UniRef50_UPI000996D35A tnsA TnsA-like heteromeric transposase endonuclease subunit n=1 Tax=Streptomyces sp. CNQ329 TaxID=1298879 RepID=UPI000996D35A,MFKRIKLENFKAWRNSGDVHFSPVTLLLGENSTGKSSLLQSLLLMKQTATSPDRTIHLNLGGDEANDYVDMGSFEDLLTKDPENRKISIEMDVDGRQGSSFLKIDYAQDSKKSPVIDQLQLSKDGENWFRAQRSDKGAFNIYLPNETRTSLKSREYSPERGVSFSKEAIYNIGPSGSDVEDISLSILRDLEAISYLGPLRSKPRRTYIWNKTRPGIIGVDGGEAVFALLASSNTSGKKSDGLVEAVSKWLQKMCIADKLEVKHIGAGNYNILVHRDGVVANLIDVGTGVSQVLPVLVLAYFAPEKSTIILEEPEIHLHPLAQSLLAELFLEVSLERDVQFIVETHSEHLFRRMQTLVATKKAKPDQCALYFVEREKSDAVLKTLKMDKYGRIDEWPKNFFGDATGEVRKQAQETMQRMKAERASQ,40.4,93,53,35.849,19,31,28,1,3,52.83,12,/stor/home/kh36969/gitrepo/NCBI/ffs/LDOT01000002.1.fna
LDOT01000002.1,0..62753,tnsB,31738..30752,lcl|31738|30752|2|-1,-1,UniRef100_A0A1T0A091,4.26e-08,UniRef100_A0A1T0A091 tnsB Transposon Tn7 transposition protein tnsB n=1 Tax=Moraxella caviae TaxID=34060 RepID=A0A1T0A091_9GAMM,MMPDSNLELSIDTTLATYHASFTIYPEVEKVFSGLDWLVKRRCFGSFVPSMLLTGGTGSGKSALIKHYISKCLSENEVLLTRVRPTLKETLLWIVNEIDKYKKYRAKGSVLGLIDYVIRCVKRTELKLLVIEECQELFECTSHKERQEIRDKLKMISDECRLPIVFVGIPSAKLILEDSQWDRRIMVKRELPYFKITDEASIDRYLDLLEAMERAVPLPFDVDLMDVEIAMRLLAASHGMLGMLKELIAVGLESALISNKAAIQLEDFILGYEMIFGLDEINPFSVDINELVIKQIESYEEYVPDAETGELKFVGQIFNALTIKQLLG,52.4,124,229,24.017,55,157,103,6,17,44.98,67,/stor/home/kh36969/gitrepo/NCBI/ffs/LDOT01000002.1.fna
LDOT01000002.1,0..62753,tnsB,33660..31735,lcl|33660|31735|3|-1,-1,UniRef100_A0A0N8TSW6,2.43e-159,UniRef100_A0A0N8TSW6 tnsB Transposon Tn7 transposition protein TnsB n=1 Tax=Pseudoalteromonas sp. P1-25 TaxID=1723758 RepID=A0A0N8TSW6_9GAMM,MAGRFKDEFDANYSEDDEKEFLESPESKRNRLQYGSLDSAKIIERDLDSFPEEQKTKALERYKLLSLVSKELVGGWTPKNLNPLIDKYFEKTTLTQKPSYKTLIRWHNSFNQAKGSFTGLVDKHHQKGNRTARVVGDESYYEKALERFLDAVRPSIRAAYNVYCDNITVANENIVSGKIPQVSYQTFKNRIQKEQPYSVALARHGKYYADKLYNYYQSVDMPTRILERVEMDHTPLDLILLHDDLLVPLGRAHLTLLVDIFSGCIIGFHLGFKHPSYVSASKAIIHATKNKDYISGLPIEFENKWLCEGKIENLVVDNGPEFWSKSLEDSCLEAGINVVFNKVRKPWLKPFVERKFGEIIQGIVGWVPGKTFSNVLEKEDYNPEKDAVMRFSVFVEELHRWIVDVHNASADSRKARIPNLYWRKSYEVMPPLKLLPENEHTFTIAMGSLHHRKLTSKGIKFKHIDYDSTALAQYRKEYPQTKASAIKKIKVDPDDISTIYIYLEELNGYVEVPSKDSKGYTRKLSLCEHEKLVKAHRDYIDGEIDVLSLAKARLALHERIQSEQENLQHMSLSERKRKAKATKKIAELSSVNSDTPKAQLTDKLPPNPSMSGCSGSPAEKEINPIENFRSKWNKRRKERNG,469,1207,554,43.502,241,307,358,4,6,64.62,86,/stor/home/kh36969/gitrepo/NCBI/ffs/LDOT01000002.1.fna
LDOT01000002.1,0..62753,tnsA,34287..33661,lcl|34287|33661|3|-1,-1,UniRef50_A7MV62,1.18e-96,UniRef50_A7MV62 tnsA Tn7_Tnp_TnsA_N domain-containing protein n=43 Tax=Vibrionaceae TaxID=641 RepID=A7MV62_VIBCB,MYIRNLRKPSPNKNIYKFASSKNRKTVMCEGGLEKDCCYHFEYDPEVVCYESQPEGYYYEFCGKQLPYTPDFLVHYIGGYQCFVESKPYGQTLSKEFKQQFQARKSAAERLGFDLILVTDRQIRKGYYLENCKVVHRYSGCIKGDNLPDALYDQLLDTKPIKIIDLALKVELSVGVVFAAVLRLVTLGKALIDLDSAKLNETTLVMVK,278,710,208,64.423,134,74,162,0,0,77.88,100,/stor/home/kh36969/gitrepo/NCBI/ffs/LDOT01000002.1.fna
LDOT01000002.1,0..62753,tniQ,39191..37395,lcl|39191|37395|1|-1,-1,tr|A0A081NVM8|A0A081NVM8_9BACL,6.59e-04,tr|A0A081NVM8|A0A081NVM8_9BACL tniQ ABC transporter domain-containing protein OS=Paenibacillus tyrfis OX=1501230 GN=ET33_22665 PE=4 SV=1,MENKTFNKAIVRRLLGYALADRKKLSVALGFLLLASLTDVAGPWLIQHFIDNNIAKDHFPADELAMLAVAYLGLMVATALFRYLQAMRFNEIAIGVVQTIRKQLFGRILNQPLSAFDYVPSGTLISRITNDTESIKDFYVHVIGSVLKNITLIIAMLTVMSLISWRLTLVVLVLLPAVVAVMVVYQRRSSGAYRQMRDLLADINASMSESIQGMSLVQLMRQEEAFYRQFSVLTGNHLQAQIGVTKLNGFLLRPLIDFLSGVALLSLVALFGVSGLELIGVGVLYAFISYLGRVSEPLIELTQQLSLLQQALVASERIFGFIDAAQQQYGDDNHPLASGQLACNGVGFSYDGKQNVLGQIDINLPHRGFLALVGHTGSGKSTLASLLMGFYPATEGEVRLDGRPLSSLSQDVLRSGIAMVQQDPHVLSDSVRENITLGRTVAGSHAESDALCWQALEAVGLAEQIRRFDGGLDMRLGSGGANLSAGQKQLLALARVLVAKPRILILDEATANIDSGTERHIQQALGRLRQDMSIVVIAHRLSTIVDADEILVLSHGEVLERGDHNGLLTAQGHYWQMYQLQQAGEQLHRLETEGCSAS,40.4,93,135,28.889,39,82,63,5,14,46.67,23,/stor/home/kh36969/gitrepo/NCBI/ffs/LDOT01000002.1.fna
LDOT01000002.1,0..62753,tnsD,41686..42753,lcl|41686|42753|1|1,1,UniRef90_A0A031HX59,3.22e-04,UniRef90_A0A031HX59 tnsD TnsD domain-containing protein n=2 Tax=Sphingomonas sp. RIT328 TaxID=1470591 RepID=A0A031HX59_9SPHN,MNRDPHWISTAIRKIEADYQRSADTHLIKLDIPVLDGVDIYLKDESTHPTGSLKHRLARSLFLYALCNGWIGEDTTIIESSSGSTAVSEAYFARLLGLPFIAVVPRHTARKKIEQIEFYGGKAHFVDSPAAIYDESRKLASALNGHYMDQFTYAERATDWRGNNNIANSIFEQMKLEAHPVPRWIVMSAGTGGTSATIGRYIRYQMLDTKLCVVDPENSVFHAFYQTRDPNIVGNCGSRIEGIGRPRVEPSFIPDVVDEMRTIPDVASIATIHWLEKLLGRKAGASTGTNLYGVLQLASEMRARGEQGSIVTLLCDSGERYLDTYYDPAWISANIGDISGYLEQLNAFEHSGILA,40.0,92,92,30.435,28,44,40,3,20,43.48,23,/stor/home/kh36969/gitrepo/NCBI/ffs/LDOT01000002.1.fna
LDOT01000002.1,0..62753,ffs,34419..34508,,-1,ffs,4.58e-37,ffs,CCAGCCACATCCCGGCACACACGTCGCTCGCTGCGGCTGCTCCCTTCCAGGCCTGACCGGGTTCACGAGTTAGTGTTGCGGGAGGACCAG,150,81,90,96.667,87,3,87,0,0,96.67,0,/stor/home/kh36969/gitrepo/NCBI/ffs/LDOT01000002.1.fna
LDOT01000002.1,0..62753,cas6,16854..16249,lcl|16854|16249|3|-1,-1,gi|375263740|ref|YP_005025970.1|CAS-I-F|cas6f|cas6,6.65e-102,gi|375263740|ref|YP_005025970.1|CAS-I-F|cas6f|cas6 cas6,MTTRYYFTIQYIPTHADFGLLAGRCIYQMHKFMVNNPLAMNQIGVSFPMWEDGSVGNIIAFISEDKELMVGLLFQPYFSLMVKEGLFEISSVCEVPTDSPEVRFVRNQTIGKSFIGSKKRRIKRSMARAELSGAEYSLPVAVEERVVDHFHRVPISSGSSGHDYILHIQKEVASERSVANFNSYGLATNQEKRGTVPDLCI,291,745,201,69.154,139,61,160,1,1,79.60,100,/stor/home/kh36969/gitrepo/NCBI/ffs/LDOT01000002.1.fna
LDOT01000002.1,0..62753,cas7,17903..16866,lcl|17903|16866|1|-1,-1,"gi|375263741|ref|YP_005025971.1|CAS-I-F|cas7f|G7,CASCADE",0.0,"gi|375263741|ref|YP_005025971.1|CAS-I-F|cas7f|G7,CASCADE cas7",MELCNQLNYVRSLSAGKAYFYHLSKGGEMCPLEIDRTRLRAPKGGYAEAYKGSKFVQKNVAPQDLAYANPQFIEECYVKPGVDDIYCAFSLRIKANSLGPDVCCDDEVRSKLSSLAKSYKELSGYSELAHRYAKNILLGTWLWRNRECRRLSIEVTTSDSETLIVENATKLTWYDHWDKDAAECLDKLTAYLTRALSDPTEYFYMDVKAKIAVGWGDEVYPSQEFLDNREDGVPTKQLATVELENGRETVAFHGQKVGAALQSIDDWWHEKADKPLRVNEYGADREYVIARRHVSLKNDFYQLLRNTENWIESMNTSNIIPNDVHFIMSVLVKGGLFNCSKSKSK,521,1341,339,69.912,237,102,289,0,0,85.25,98,/stor/home/kh36969/gitrepo/NCBI/ffs/LDOT01000002.1.fna
LDOT01000002.1,0..62753,cas8f,19997..17910,lcl|19997|17910|1|-1,-1,"gi|375263742|ref|YP_005025972.1|CAS-I-F|cas8f|LS,CASCADE",0.0,"gi|375263742|ref|YP_005025972.1|CAS-I-F|cas8f|LS,CASCADE cas8f",MKKLCDVLQIEDNTEKQATLKKVFMPYSACIDIDGCEKEALTVLLNLSTHRKGSPCGDWLDIERAKSYLKDQADIDASLAEIKWFHTHNLKFPDCRVKEQRLIAKPLSTSESFISSVSLDQGLGWAHNSAVYRHTLWLLNSFNWQSESVNILSLVQEENPVWLELLQEFGLNIKQQDLLLKTIELQIPASTFPDSVSPYSKQLRFPWNNDYLSVTPVVSHAIQREIEVKARDKASKLSFVTSALPNSASIGNLCGSLGGYMKALNYPLDVKSVAEQTLAASRNKSGKYFDDFQVTNYKICQVLNRLIGAEPLKNQKQREKARKVQSKILRKQIALWMLPLIELRDIEDAEPHNQQLEHDDPLVKSFLSLPESEFPSLVHELNQRLHFVFQENKFTAKFAYHPKLIQVVKAQIVWVLEQLSKPSDHEDAAREQQYIYLSSLRVQDAVAMSSPYLCGAPSLTAIWGFMHHYQREFNKLVNSDSPFEFSRFAFYVRTENIQSTAKLTEPNSLAKSRTLSNAKRPTIRSERLADLEIDLVIRVDSDSRISDFLSELRAALPAAFAGGALYQPLILSQIDWLRTFSSKSELFHVLKGIPAYGSWLYPSEKQPTNFNELEHLITEDADNLPVSIGYHLLEHPTERENSITDCHAYAENALGIAKRLNPIEVRFSGRDHFFDNAFWALESTSATILIKNDRN,899,2324,694,61.816,429,260,538,1,5,77.52,99,/stor/home/kh36969/gitrepo/NCBI/ffs/LDOT01000002.1.fna
LDOT01000002.1,0..62753,cas4,23851..22574,lcl|23851|22574|2|-1,-1,"gi|365967614|ref|YP_004949176.1|CAS-I,CAS-II,CAS-V|cas4|cas4",6.83e-04,"gi|365967614|ref|YP_004949176.1|CAS-I,CAS-II,CAS-V|cas4|cas4 cas4",MFKRIKLENFKAWRNSGDVHFSPVTLLLGENSTGKSSLLQSLLLMKQTATSPDRTIHLNLGGDEANDYVDMGSFEDLLTKDPENRKISIEMDVDGRQGSSFLKIDYAQDSKKSPVIDQLQLSKDGENWFRAQRSDKGAFNIYLPNETRTSLKSREYSPERGVSFSKEAIYNIGPSGSDVEDISLSILRDLEAISYLGPLRSKPRRTYIWNKTRPGIIGVDGGEAVFALLASSNTSGKKSDGLVEAVSKWLQKMCIADKLEVKHIGAGNYNILVHRDGVVANLIDVGTGVSQVLPVLVLAYFAPEKSTIILEEPEIHLHPLAQSLLAELFLEVSLERDVQFIVETHSEHLFRRMQTLVATKKAKPDQCALYFVEREKSDAVLKTLKMDKYGRIDEWPKNFFGDATGEVRKQAQETMQRMKAERASQ,40.8,94,68,38.235,26,33,38,3,9,55.88,14,/stor/home/kh36969/gitrepo/NCBI/ffs/LDOT01000002.1.fna
LDOT01000002.1,0..62753,parE,7594..10743,lcl|7594|10743|1|1,1,VFJ66771.1,8.75e-06,"VFJ66771.1 parE ParE toxin of type II toxin-antitoxin system, parDE [Candidatus Kentron sp. DK]",MARFFIDRPVFAWVLAILTMLAGVMSLFNLPVSQYPTISPTTISINARYPGASAKTVEDSVTQVIEQNMTGLDYLRYLNSSSDAFGNATITLTFDSEADPDIAQVQVQNKLQLAMTSLPMEVQSQGIVVNKSNTSFLMVVAVYSENPEFTENDIGDFVVTNIQDPISRLSGVGQVQAFGSQYAMRVWLDPFKLTQFNLTAIDVMNAIREQNAQVSSGQLGAAPAQKGQLLNATISSASRLTSVAEFRNIILKSEANGSNVYLKDVANVERGAESYDIKGQYNGFPAAGLGISLGTGANALETAEAVKTRLAQLSETFPEGLKIAYPFETTPFVEASISEVVKTLLEAVFLVFLIMYLFLQNFRATLIPTIAVPVVLLGTFAVLYATGFSVNTLTMFAMVLAIGLLVDDAIVVVENVERVMHEDGLEPKEATKKSMGQITGALIGVGLTLSAVFVPMAFMSGSTGVIYRQFSITIVAAMTLSVLVAIILTPALCASLLKKGDAEFGEKTGFFGWFNRKFDAMTAGYEAGVAKMLKRTGRMLMVFLAMSAGTGWLFMNMPTSFLPDEDQGTVFSMAILPPTSTQEQTEKTLDKVRTYFLEQEKDNVESVFSVSGFSFAGQGQNMGMAFIGLKDWSEREAPGSDAASLTGRAMGYFSTIKEAMVFAFAPPAIQELGNATGFDFYLQDSLGLGHDALVAAQYQLLGMAAQNPKLVGVRPNGQADAPMYQVNIDHSKLRALGVSINDVNQILSSAWGGAYINDYIDRGRVKKVLMQSDSAHRMQPEDFDSWYVRNAQGEMVPFSAFATGEWSYGSPLLQRFNGLPAMNIQGGAAPGVSTGEAMAEIEAMVKQLPAGFTVNWNGISYEERLSGNQAPMLYALSILVVFLVLAALYESWSVPLAVVLVVPLGVLGAVLAVMGRGMDNDVFFQVSLLTTVGLATKNAILIVEFAKEYYEKGAGLIEATLHAVRVRLRPIIMTSLAFGLGVVPLAISSGVGSAGQNAVGTGVLGGMVSATLLGIFFVPVFFVVVERLFDRHTKKDDQAKPVDSAPLAD,44.7,104,77,29.870,23,53,43,1,1,55.84,7,/stor/home/kh36969/gitrepo/NCBI/ffs/LDOT01000002.1.fna
LDOT01000002.1,0..62753,parE,62722..62288,lcl|62722|62288|2|-1,-1,VFJ57583.1,6.87e-07,"VFJ57583.1 parE ParE toxin of type II toxin-antitoxin system, parDE [Candidatus Kentron sp. DK]",MGQSLNIFSQIGMIMLIGMVTKNGILIVEFANQLRDKGVAFEQAIIDASERRLRPILMTAFTTLFGAVPLIFSTGAGAESRIAVGVVVFFGMAFATFVTLIVIPAMYRLMAANTKSPGYVAEQLEKALQDDSAHGAGEDKGATA,43.9,102,95,29.474,28,63,50,1,4,52.63,63,/stor/home/kh36969/gitrepo/NCBI/ffs/LDOT01000002.1.fna
LDOT01000002.1,0..62753,CRISPR array,15973..16122,,,,,"Copies: 3, Repeat: 33, Spacer: 27",TCGTTTTTCTGGCTGCCTACTCGGCAGGGCACT,,,,,,,,,,,,/stor/home/kh36969/gitrepo/NCBI/ffs/LDOT01000002.1.fna
