NZ_JNSX02000015.1,0..78185,tnsA,17097..17720,lcl|17097|17720|3|1,1,UniRef50_A0A090P7F5,1.81e-142,UniRef50_A0A090P7F5 tnsA Tn7_Tnp_TnsA_N domain-containing protein n=102 Tax=Gammaproteobacteria TaxID=1236 RepID=A0A090P7F5_9VIBR,MFDQTKKSSHVHNICKFMSLKNDAVVRTLSILEFDFCFHLEYNPDVEKYLSQPHGYHYQFNNRKCRYTPDFLVFDRQERSSFIEIKHSSQILKPDFRARFAEKQRVAREEHDKRLILITEKQIRINPIFNNLKLLHRYSGLHSVTKVQKSVLGYIQRKQRVKLYEVSEYLGLSEHETLTSALCWLSSGKVKTDFKSADFSLNSYVWC,394,1011,207,89.372,185,22,198,0,0,95.65,100,./fasta/NZ_JNSX02000015.1-0-194070.fasta
NZ_JNSX02000015.1,0..78185,tnsB,17720..19351,lcl|17720|19351|2|1,1,UniRef100_A0A378ML46,0.0,UniRef100_A0A378ML46 tnsB Transposon Tn7 transposition protein tnsB n=1 Tax=Vibrio anguillarum TaxID=55601 RepID=A0A378ML46_VIBAN,MVASELDNFVGFFDEVEASRSEAQMESQIPVELFQSDTDRSSSFDSLPEKTQKEVLRRLKIIQFVEVRLKGGWTEKNLDPILNMVENALELPRPSWRTLASWKKDYYESGKKWLSLIPKHTQKGNRTAHTDSQFLIDEAIERKYLTRERLSVAETYRYYKSRVIKTNQTIVEGKIDLISQRAFYDRVNSLPAYDVAVARYGKRYADRAFRSVGQQIPATKPMEYVEIDHTPVPVILIDDELDVPLGRPYLTMLYDRFSKCIVGLSVNFREPSFDSVRKALLNALLNKNWVKDKYPSVKNDWPCCGKIDYLVVDNGAEFWSNSLEDSLKPLVSDIQYSQAAKPWRKSGIEKLFDQLNKGLTNSLPGKTFTNPTQLEDYDPKKESVVRVSVFLELLHKWVIDYYHMSPDARERDVPYHKWHESKWRPNTYEGEEKSRLKIELGLLRHRTIGLAGIRLHNLRYQSDELIEYRKYCSVKYERKLFVKTKTDPSDISSIYVYLEFENRYIRVPAVDNSGYTQGLSLFEHERIQRVHVQTRSVWLMKKR,828,2138,529,73.535,389,137,461,1,3,87.15,97,./fasta/NZ_JNSX02000015.1-0-194070.fasta
NZ_JNSX02000015.1,0..78185,tnsB,19330..19599,lcl|19330|19599|1|1,1,UniRef100_A0A378ML46,1.23e-23,UniRef100_A0A378ML46 tnsB Transposon Tn7 transposition protein tnsB n=1 Tax=Vibrio anguillarum TaxID=55601 RepID=A0A378ML46_VIBAN,MVDEEALADTYLYMESRIEAETERLRNYGNKKRSQPKIGNTSKLAKFRDVGTTGPSSIITKSVNEPLTNSYDESVIDLDDEDFDEIEGY,90.9,224,93,53.763,50,34,62,2,9,66.67,100,./fasta/NZ_JNSX02000015.1-0-194070.fasta
NZ_JNSX02000015.1,0..78185,tniQ,24203..25210,lcl|24203|25210|2|1,1,tr|A0A240EJR5|A0A240EJR5_9VIBR,7.07e-177,tr|A0A240EJR5|A0A240EJR5_9VIBR tniQ Uncharacterized protein OS=Vibrio thalassae OX=1243014 GN=VTH8203_02388 PE=4 SV=1,MRVRVFIYLENQLKLSNFGVLRLTLTHSKSQFSPDFKAVHRLGVDYPYAFLRKRFTPVCPSCLSEASYIRQHWHLIPHQVCEKHGCELIHRCPECYALLEYQSIESITQCECGFHLPEALPKPASKSAQIVARWLTGDHLDVVGPMGKAMSISERYGLLLWYVNRYGRLEDFSLDEFVQYCAIWPKRLHQDLDMLAKKAELVRIKEWKQTFFSEIFGTLLKECRYLPSRQLSKNIVLAELLRYFNRLVADHPSSVKGNIADILLSPLEASTLLSCTTDEIYRLYEYGEIKAAVRPQMHVKIASHESVFTLRSVVETKLARMCSENDGLSVYLPEW,494,1271,335,67.463,226,109,274,0,0,81.79,100,./fasta/NZ_JNSX02000015.1-0-194070.fasta
NZ_JNSX02000015.1,0..78185,tniQ,58185..57637,lcl|58185|57637|1|-1,-1,tr|A0A417XIF4|A0A417XIF4_9CLOT,1.17e-04,tr|A0A417XIF4|A0A417XIF4_9CLOT tniQ GNAT family N-acetyltransferase OS=Clostridium sp. OF09-10 OX=2292309 GN=DXA91_00825 PE=4 SV=1,MSPDFEIITPRLALRLIPADDAHSLQRLLSQSPSLHTWLDWCDAEVSLKDAQDFLLATRLNWVKTEAFGFGIYDRDSNTLLGMAAVNELYHTFNMASIGYWVADRYQRQGYAQEAIKALAEFCFAKLSLTRIEIVCDPDNNASQALIESVGAKKEAIARNRFIFHGKPKDGVVYSLLPTDLL,38.9,89,114,25.439,29,71,53,3,14,46.49,63,./fasta/NZ_JNSX02000015.1-0-194070.fasta
NZ_JNSX02000015.1,0..78185,cas8f,25213..27309,lcl|25213|27309|1|1,1,"gi|375263742|ref|YP_005025972.1|CAS-I-F|cas8f|LS,CASCADE",0.0,"gi|375263742|ref|YP_005025972.1|CAS-I-F|cas8f|LS,CASCADE cas8f",MIKLGDVLAIEKDEVKQATLKKVFMPYSQNIDIDGHEREALTVLINLSSHHKGSKCTDWLDIDRAKSYLSQEANVDLSLAEIKWFHTHNLKYPDCRVSAQRIIAEPLPAEGAFISSSGLPPSLGWAHNAASYRHTIWLLSSFCWQSRTVSIVSLIQQQNPVWLDLLQEFGLSVKSLNLISEEIELQLSSTTFPTEVNTYSKQLRFPWNGDYLSVTPVVSHAMQSELEHRQRSEDSHLKFVTMLLPNSASIGNLCGSVGGYMKVLNYPLDISPKVNRASSEQTLGASRQRNGRYFDDYQITNIRICEILNRLVGAEPLKTHKQRVKARKDQSKILRKQIALWMLPLIELRDRMVNDERERTMHGDQLIHDFLFLPERELSSLATSLNQKLHLVMQGNKFTRKFAYHPRLMQLIKAQIVWILDVLSKPQQQEGGCGAEEQYIYLSSLRVQDALAVSSPYLCGVPSLTAIWGFVHQYQRDFNTLTNGDAFYDFTGFAFYVRSQNIIATAKLTEPCSLAKARTLSNAKRSTIRGDRLADLEIDLVIRVQSRGRLSDCSSELKNALPVSFAGGSVFQPRISSKIDWLRTFCSRSSLLHILKGLPAYGSWLYPSERQPESFDELELMLLENENYLPVSNGYHLLEVPTQRKNSLTDLHAYVENTLSVANQVNPIEMRFSGRAPFFEQAFWSLECSPTTILIKKL,976,2523,697,67.001,467,228,560,2,2,80.34,99,./fasta/NZ_JNSX02000015.1-0-194070.fasta
NZ_JNSX02000015.1,0..78185,cas7,27323..28360,lcl|27323|28360|2|1,1,"gi|375263741|ref|YP_005025971.1|CAS-I-F|cas7f|G7,CASCADE",0.0,"gi|375263741|ref|YP_005025971.1|CAS-I-F|cas7f|G7,CASCADE cas7",MELCSQLNYVRSLSAGKACFYYLTPSGDMCPLSIDKTRLRAPKGGYSEAYRGSQFHQKNVAPQDLAYANPQFIEECYVPPSTDEIVCEFSLRVKANSLHPEVCNDDSVREQLALLAATYKDLNGYQELAYRYAKNILLGTWLWRNRECRGVAIEVTTSDGEIILISDATRLSWYGHWDEQSTESLERLTSYLSRALSDSAQYFYMDVKALLAVGRGDEVHPSQEFLDDKQEGVPTKQLAKVRLADGRETAAFHAQKIGAALQSIDDWWHEKADKPLRVNEYGADREYVIARRHTQSGNDFYQLIRRTEAWTEEMEKSKSIPNDVHFIMSVLIKGGLFNSSKSTAK,580,1495,338,79.290,268,70,306,0,0,90.53,98,./fasta/NZ_JNSX02000015.1-0-194070.fasta
NZ_JNSX02000015.1,0..78185,cas6,28287..28997,lcl|28287|28997|3|1,1,gi|375263740|ref|YP_005025970.1|CAS-I-F|cas6f|cas6,2.94e-110,gi|375263740|ref|YP_005025970.1|CAS-I-F|cas6f|cas6 cas6,MMFILLCRYSLRVGCLIVLRVLLSEVRMISKRYYFSIRYVPLHADFGLLAGRCIQQMHMFIVNNPLAKNKVGVCFPRWNATNIGDTIAFVMDDKEVLLGLSFQSYFSMMVKEGGFELSRVCEVPVNTPEVRFVRNQIVGKSFIASKQRRMKRSMLRADLSATEHTPIAKEERVVDHFHRVPISSASSGQEYLLHIQKEFVESREQANFNSYGLATNQEKRGTVPDLSIYPFFEESM,314,804,200,73.500,147,53,171,0,0,85.50,85,./fasta/NZ_JNSX02000015.1-0-194070.fasta
NZ_JNSX02000015.1,0..78185,csx1,49013..47748,lcl|49013|47748|2|-1,-1,gi|292492853|ref|YP_003528292.1|CAS-III|csx1|CARF,3.33e-50,gi|292492853|ref|YP_003528292.1|CAS-III|csx1|CARF csx1,MKSPLFFLGLVYIWVIWPAHPLHFSFRAATQKGKSMAVHVGIIDQDPVRLVTPLLDNRTLSTHIVFIGDKTQVDMFDRLSSVLEQREITSEFFEIPSAVNTTLIKQSIQKLAKDLHDRGEDVKLNASCGLRHRLLSVYEVFRTYRWPIFVVEPNSDKLCWLYPDGKEDTQVEDHITISDYLTIFGARGEFHHVDLPPLLDQKLYELGERWASNALELGPGLATLNYLATTCRKEQKLDVELSEKQQGYRELNMLLSDLVEAQIATYENGILTFANEDARRFSNGEWLETLVHSTVKQIQDTMPTIQDRSLNVQVYRKLGESEVRNELDVATVVNNKLHIIECKTKGMRDDGDDTLYKLESLRDLLGGLQARAMLVSFRPLRHNDITRAEDLGLALIGPEELKDLKTHLAKWFEAAGGSDEI,173,438,391,30.946,121,245,186,7,25,47.57,89,./fasta/NZ_JNSX02000015.1-0-194070.fasta
NZ_JNSX02000015.1,0..78185,cas3,62634..59173,lcl|62634|59173|1|-1,-1,gi|347756299|ref|YP_004863862.1|CAS-I|cas3HD|cas3,2.25e-07,gi|347756299|ref|YP_004863862.1|CAS-I|cas3HD|cas3 cas3,MTKATILSVTNPTERGDKKQLGNLPGAALPLAIAELAKQHSSHSLLVVPDPQIALKLQAEIEQFTDQPVSLFPDWETLPYDNFSPHQEIISDRIARLYQLPNQRGGVTIVPVSTVLQRQSPREFLLQHTLMVKTGDNFSLDNLRVQLENSGYRHVDQVFGPGEYASRGSILDLFPMGSADPYRIDFFDDEIDTIRTFDPENQRSIEDIQQIQLLPAHEFPTTKEAIEDFRTRWRTQFEARREPESIYMQVTKGTWPAGIEYWQPLFFDHTETLFDYLPEDSQLITYGDIEAAVDTFLNDVEYRYDQKKIDPLRPLLAPHDLWLKKDELFAHFKQLPQAQLSLEKVVKRAGRQNLAVQTLAELGVQQQNKEPLSRLRQFSEQFTGKIIFSVESEGRREALTELLQGIKVRPVVQESLYHALESDHRFTLILGSAEHGFIHDELNFALICESDLLGDRVIQRRRKDKKAVNSDTVIRHLAELKPGQPVVHIDHGIGRYIGLQTLEAGGMKTEYVTLEYQNDAKLYVPVSSLNLISRYSGGAEETAPLHKLGGEAWSKARRKAAEKVRDVAAELLDVYAKRELKPGFKFALDRGQYATFKATFPFEETDDQAMAINAVLSDMCQAKAMDRLVCGDVGFGKTEVAMRAAFVATDNSKQVAVLVPTTLLAQQHFENFRDRFANLPIRVEVLSRFKSAKEQKVILQDVADGKVDIVVGTHKLLSSDIKFKDLGLLIVDEEHRFGVRQKEKVKAMRADVDILTLTATPIPRTLNMAMSGMRDLSIIATPPARRLAIKTFVREREESVVREAVLREIMRGGQVYFLHNQVETIEKTAEDLQKLIPEARITVAHGQMRERELERIMNDFYHQRFNVLVCTTIIETGIDVPTANTIIMDRADNLGLAQLHQLRGRVGRSHHQAYAYLLTPHPKAMTKDAIKRLDAIASLEDLGAGFTLATHDLEIRGAGELLGDEQSGQIQSVGFTLYMEMLEQAVEALKEGKEPSLDDLLREQTEVELRIPALLPDDYIPDVNTRLSMYKRIASVSDSDELSELKVELIDRFGLLPDAAKNLLAVSELKFAAGSIKAKKIEAHDKGGFIEFYPDADINPAYLVKLLQSQPQKFAMEGPTKFKFSVPLADRRKRIQFVQDLLNDFKQNLLPTS,53.9,128,166,27.108,45,107,84,6,14,50.60,14,./fasta/NZ_JNSX02000015.1-0-194070.fasta
NZ_JNSX02000015.1,0..78185,ffs,16881..16977,,1,ffs,1.79e-40,ffs,CTCTGGTCCTCTCGCAACAATAGCTCGTGAACTCGGTCAGGTCCGGAAGGAAGCAGCCGCAGCGTGTGACTTGTGTGCCGGGATGTGGCTGGGGTCC,163,88,97,96.907,94,3,94,0,0,96.91,0,./fasta/NZ_JNSX02000015.1-0-194070.fasta
