NZ_MKQF01000001.1,4380..50872,tnsA,24380..25003,lcl|24380|25003|2|1,1,UniRef50_Q87GC1,2.66e-143,UniRef50_Q87GC1 tnsA Tn7_Tnp_TnsA_N domain-containing protein n=42 Tax=Gammaproteobacteria TaxID=1236 RepID=Q87GC1_VIBPA,MKKRILKNSKVKNISRFVSLKTDSVQTTESDLEFDACFHFEFAPQIKTFETQPLGFKYRMNGRLRRYTPDMLCYFNDGYAPYYEVKPKWITEQDEFKEKFDAQRQQAISNGHDLLVLTENDIQIYPLLDNLKIIHRYACSDNLDDVQVRLLKLFQNYGEMRISQVLNANQAPSTTILPALYDLIAKKILEFDWHCPISHDSLVWRVS,396,1018,207,88.406,183,24,200,0,0,96.62,100,./fasta/NZ_MKQF01000001.1-657075-707947.fasta
NZ_MKQF01000001.1,4380..50872,tnsB,25000..25872,lcl|25000|25872|1|1,1,UniRef100_A0A1T5HV69,3.91e-55,UniRef100_A0A1T5HV69 tnsB Transposon Tn7 transposition protein TnsB n=1 Tax=Photobacterium piscicola TaxID=1378299 RepID=A0A1T5HV69_9GAMM,MSENSENAHSFGGFFPEKQSDISKPKVSMGVPFGTEIQETYQDLFSFDEKRRDEAIHRYNILDVLIELHGPSLNLKKISDSMAYLEDKFHSNIPSASSIYRYWNTFKESGFVLSSLIPGVTRGNREPRKALELEEYFDNAIKSYLSEESPTIKQAFTLLEAELDRHNECNDTQFTFKYESFRKRIVKKPDYERLLIKKGKKAADIYYKKVGQRPETTRVLQRVEADHTRLDLFVIDDARKLPLGRPWLTLLFDTHTKSVVGFYLGFEPPSYLSVSLALENAILPKNYIPT,186,471,247,40.486,100,144,156,3,3,63.16,84,./fasta/NZ_MKQF01000001.1-657075-707947.fasta
NZ_MKQF01000001.1,4380..50872,tnsB,26150..26857,lcl|26150|26857|2|1,1,UniRef100_A0A1Y6MEP7,6.13e-25,UniRef100_A0A1Y6MEP7 tnsB Transposon Tn7 transposition protein TnsB n=1 Tax=Photobacterium sp. CECT 9192 TaxID=2006083 RepID=A0A1Y6MEP7_9GAMM,MKVIHVWLIDIYQSSPNGLETNIPNLTWSDAMRSALPPRPFKGSIDELRFNLGKNAEISLDKNGIRFKKTLRYSSPSLAQYFGKHTYSGKSIKVKIKYNPTNMGKIYVLDDDKHEFFAVESVDPDYAYSVSEWLHKVCCDYARDHIRNNYRHNDVIKAWRVIYDIIDEALHLSGNGKQANMGIREASKLERVREHAERTKFQQKPELSYIDEDDIDWSIDVNTDGWKIDSVRGNQ,100,249,231,31.602,73,140,111,4,18,48.05,96,./fasta/NZ_MKQF01000001.1-657075-707947.fasta
NZ_MKQF01000001.1,4380..50872,tnsB,26857..27810,lcl|26857|27810|1|1,1,UniRef100_A0A1T0A091,1.06e-15,UniRef100_A0A1T0A091 tnsB Transposon Tn7 transposition protein tnsB n=1 Tax=Moraxella caviae TaxID=34060 RepID=A0A1T0A091_9GAMM,MMTSVKMLHQEVKNIFISDDQIDEILADIDECREDSDRISEPECLIVVGDSGSGKTTIIDKYLSDNPRMEANDGSIIPILFTSLPANANPVTASERLLSSMGDPLAFNHGKDPAELMKIVKDLLRECRVELIIIDEFQHMIDRKSKDVLHITADWLKMIIIESKIPVVLFGMPYSTEILRANNQLRGRFESQHHLKPFKVKDTNELIRYKTFLTMLDDALPFSKKSGLASEDLMKRVYVFSKGNMRLIRRLINKAAKFALLENAPCISLTHFTLAAPKVSRDACESFNPFEVDIKQLKIIEPSDDVGWENYLVAKGD,75.9,185,228,24.561,56,159,113,6,13,49.56,71,./fasta/NZ_MKQF01000001.1-657075-707947.fasta
NZ_MKQF01000001.1,4380..50872,tniQ,35203..34019,lcl|35203|34019|1|-1,-1,tr|A0A0D1GLU1|A0A0D1GLU1_VIBPH,0.0,tr|A0A0D1GLU1|A0A0D1GLU1_VIBPH tniQ Whole genome shotgun sequence OS=Vibrio parahaemolyticus 901128 OX=1288792 GN=H334_19100 PE=4 SV=1,MLLQRPKPHSDESLESYLIRVANKNGYESTGRFLISLKSYLCDIDSHRFASFPTDIRLIHPYSSQRSSSTRSHALQHISQLTFTEAPELLGLAISRSPLKYSPSTTSLIRADEIFPKSLIRTKHVPCCTSCLNEQGYANYLWHFEGYNCCHIHEKPLTYQCECGEPYDYRIYGLKLVCPSCGSILTHQGGEPESTSVEIAQWLAGLTTEPFPEIPASYRWGLIHWWMKIQNTEALDTGSFSTFWQQWPESFHNLIEQTLNHNQEYSVLAPHQWRLKDLVGELLFSSINLPSRNLKYNLPLRELFCYLENHLWEYNGLIANLKLNAFDAATVLNCDTEQIASMAEQGVLVPLWSRKREELISYTDYLFHFGDVFCLWLAEFQTDEFNRSFYTSRW,818,2112,394,100.000,394,0,394,0,0,100.00,100,./fasta/NZ_MKQF01000001.1-657075-707947.fasta
NZ_MKQF01000001.1,4380..50872,cas6,31116..30457,lcl|31116|30457|2|-1,-1,gi|541871540|ref|YP_008528748.1|CAS-I-F|cas6f|cas6,3.76e-59,gi|541871540|ref|YP_008528748.1|CAS-I-F|cas6f|cas6 cas6,MICISLWLISSKVGYFRKKGNDMMLYYRTVTFLPKIKNNEALIGHCLKVLHGVCTKYTINTIGVSFPEWGKETIGDKISFISPKPLELDFLLQQNYFAEMTALRYFSISESTTVPEECNLAVFRRNQKIDQATPNGQRIRAERLAKRAMNRGDSPIRFIPKDHVFEHYHSIPITSTQSGKSFRLNLQYQQLGTVTDGEWAFSSYGLANQKLKSSPVPVI,183,465,200,47.500,95,101,126,3,4,63.00,90,./fasta/NZ_MKQF01000001.1-657075-707947.fasta
NZ_MKQF01000001.1,4380..50872,cas7,32089..31052,lcl|32089|31052|1|-1,-1,"gi|541871541|ref|YP_008528749.1|CAS-I-F|cas7f|G7,CASCADE",6.95e-137,"gi|541871541|ref|YP_008528749.1|CAS-I-F|cas7f|G7,CASCADE cas7",MKLPIHLAYERSISPSDVAFLVVWPDGNKKPLPCYSRTILGLNEGSHVGYDDSGTVRNNLKMNTLVDGNIHELDYCSVPYGAKSIECCFSVSFSSELLKPYKCSDADVKKTLREFINLYNQRVELDELIIKYLTNIALGTWLWHNTKRSYCVSIEVRPWPWEGEPIIIDDIRKYLKGESDTNDLLNWKKLIKQVKEAFTDPMGLCILEVKANLIKPSMAQLYPSQMFKEAAKKENNRLYQSTIIDGIKSPIMGCYKTGAAIAKIDTWYPDAEEPIRVGHYGVDRENSTAYRHPSTGKDFFSILKRTDEFVDRLKDSEELNQDNLNDMHFLMANLIKGGLFQEKGE,392,1006,352,51.705,182,163,242,1,7,68.75,100,./fasta/NZ_MKQF01000001.1-657075-707947.fasta
NZ_MKQF01000001.1,4380..50872,cas5,33354..32086,lcl|33354|32086|2|-1,-1,"gi|433660432|ref|YP_007301291.1|CAS-I-F|cas5f|G5,CASCADE",1.22e-101,"gi|433660432|ref|YP_007301291.1|CAS-I-F|cas5f|G5,CASCADE cas5",MQSCVYQSLEQHYRQTALMGFDRATNMGLLAASCGGRFRLIETKTYIKDKRHHYISEQPNWLTKEAIQSIEQFLSSEQWLVTHNDKPRNMAIVKSSIRTMVNRWLSTRTITEDLSPAALTEQLNADMASIRIIKRYAYQPKLTRLFIQLIESAVEDNDYKEDREATTNSQYLLIPELRISGGSAMSSSASVGLFSMMSLYGFIHAFERNMRHVLTNFTINSFAICIHDYHLEKRGLTKEPIKKAKVSRDEKEKIAPPAIYDDYQFDSCISLIIKTSESKTIPAEKIVALLPKRFARGSIRLFIDGIKNIAPFPEPLPAIQAINNPLGSWLSFEPDLSLTSTDSLVDITINRSNLLLTVMGYQYLEPPTTKPGSLRDYPHALVENILGFVKPRTVTQSTNLDDLFWRYQVTHFGVCLLPRSIK,314,805,422,39.336,166,248,244,3,8,57.82,99,./fasta/NZ_MKQF01000001.1-657075-707947.fasta
NZ_MKQF01000001.1,4380..50872,cas5,34056..33733,lcl|34056|33733|2|-1,-1,"gi|28901243|ref|NP_800898.1|CAS-I-F|cas5f|G5,CASCADE",1.85e-28,"gi|28901243|ref|NP_800898.1|CAS-I-F|cas5f|G5,CASCADE cas5",MSLIALSIHLDGNHMTLDELLAATDLEELVSSTKRAFRPLSPLIDITQNPLNALTILINLTEKGISNKNLLDRTRCKEKLRDDKWWAAVLKPAQYRHSHNVKFPDIR,106,264,92,55.435,51,40,66,1,1,71.74,86,./fasta/NZ_MKQF01000001.1-657075-707947.fasta
NZ_MKQF01000001.1,4380..50872,glmS,19687..20691,lcl|19687|20691|1|1,1,WP_035343592.1,2.08e-06,WP_035343592.1 glmS two-component system response regulator GlrR [Dickeya],MSFPVLICDDSALARKQMARSLPATLNPDITFAIHGKNALEELAQKEFKLMFLDLTMPEMDGFETLENMQRLGNKTPVVVVSGDIQPKAKERVFALGAKAFIQKPIAKDELKNALKELIEPEPRPLIITPSVIALPILRRRDIYMEVANVSIGRAADALARHFDVFVQLPLPNVNIFEVSELHMALRDLASHDNVSGVCQGFCGEGIAGEALVILSDSSVSDLKKLMKVPADSEELEELELLMDISNILVGSFLNGLGEQSEVRFFQSPPVLLGQHISIDSIIESTTGAFKRTMTFEVSYNIEGTSIRCDLLFMFVDESLPLLDNKLAYLMEEF,46.6,109,116,27.586,32,77,56,1,7,48.28,33,./fasta/NZ_MKQF01000001.1-657075-707947.fasta
NZ_MKQF01000001.1,4380..50872,guaC,23193..24239,lcl|23193|24239|3|1,1,WP_004145938.1,0.0,WP_004145938.1 guaC GMP reductase [Enterobacteriaceae],MRIEQELKLGFKDVLFRPKRSTLKSRSQVNLTRDFTFKHSGRQWSGVPVIAANMDSVGSFEMAKALAEHGVMTAVHKHYTVNDWADFVKSADNATLKNVMVSTGTSDADFQKTKDIMALSDELIFICVDIANGYSEHLVEYVERVRAEFPDKVISAGNVVTGDMCEELILAGADIVKVGIGPGSVCTTRVKTGVGYPQLSAIIECGDAAHGLGGMIIGDGGCSCAGDVSKAFGGGADFVMLGGMLAGHEESGGEIIEKDGETFMKFYGMSSQSAMDKHSGGVAKYRAAEGKTVLLPFRGSVHGTISDILGGVRSTCTYVGAAKLKELTKRTTFIRVQEQENNVFGKEK,546,1407,344,74.709,257,87,294,0,0,85.47,99,./fasta/NZ_MKQF01000001.1-657075-707947.fasta
NZ_MKQF01000001.1,4380..50872,parE,29226..27856,lcl|29226|27856|2|-1,-1,WP_183466676.1,1.93e-36,WP_183466676.1 parE DEAD/DEAH box helicase family protein [Mycolicibacterium iranicum],MLRRWQRNCIDKAIEKYKSGKKHFLTQATPGAGKTIMAAYLSKQLLDANMVDLIICFSPSVNVANGFTATFARILQCPFNGSLGSLGTSLTYQSIQYLDDSFWETISKYRVLAIFDEIHHCSGETLAEANAWGEQIILKVQNAATYTLALTGTPWRSDCLPISLSSYSDTDGRIICDYQYTLKQAITDNVCRKPKLVLVDNEQLKYTSADEIKSYSSIQAMFKEQKINYSRILQDKDALTHILGLSVDKLHSIRSTNHNAAGLIVAASVAHARQIQVILNEQLKQPSVLVSYQDPDAQNIIESFKRDNSPWIISIGMISEGTDIPRLQVCCHLSNVRTELYFRQVLGRILRITDGNNQEAWLYTFAEESLVKFSEEIEQDIPESCLYVKSPELNEEQSQSSVRVGEIPSLVTPKIRGSLVWSDGSGELAVEENDTSFNSFTLGHFKERVIEAFLAI,139,349,364,29.670,108,232,162,9,24,44.51,77,./fasta/NZ_MKQF01000001.1-657075-707947.fasta
NZ_MKQF01000001.1,4380..50872,glmS,35386..36870,lcl|35386|36870|1|1,1,WP_035343592.1,3.58e-72,WP_035343592.1 glmS two-component system response regulator GlrR [Dickeya],MATLLTWLGKTDLDNMKLDKHASISTIAIKGQKVDQIVILANNWEEDWFDYEDWLKKQLAIANRPNQNISIQRARIASPIDYTSIARFIQKQLSTLAENTDQLYINLTSGTPAMSVISVLLGKGIANCQLVQSSPDGKVHIVDIPVNFASEYQKASTSAVQSLASNAPRFGSAFKSITAQSSIMQSLLTKAQRLALSDLPALILGESGVGKEVMATAVHNASQRANKPFKAVNCGALPENLVDSILFGHVKGAFTGADKNHAGLFEQADGGTLFLDEVGELPLNVQVKLLRALQQKEITRVGDVASRSIDVRIIAATHQDLFSMTSGGSFREDLFYRLAVGVIEIPPLRKRPEDIPDLISTLMLEINRQAHTHPLFGSKEISKDAINFAVSYSWPGNIRELWNTLNRAVLWSEGEMISMEDLKSSVLSSGKDAVKETGFTMPGDLQQYIDSIKKDAVIDALEYSSGNKSKAAKMLGLNNHQTLNNWMKNLGLED,233,595,380,38.421,146,214,218,9,20,57.37,77,./fasta/NZ_MKQF01000001.1-657075-707947.fasta
NZ_MKQF01000001.1,4380..50872,CRISPR array,30245..30327,,,,,"Copies: 2, Repeat: 22, Spacer: 38",CTGCCTATGCGGCGGTGAACAC,,,,,,,,,,,,./fasta/NZ_MKQF01000001.1-657075-707947.fasta
