Ga0057054_1080,0..28730,tnsA,441..1064,lcl|441|1064|3|1,1,UniRef50_Q87GC1,9.05e-146,UniRef50_Q87GC1 tnsA Tn7_Tnp_TnsA_N domain-containing protein n=42 Tax=Gammaproteobacteria TaxID=1236 RepID=Q87GC1_VIBPA,MKKRILKNSKIKNISRFVSLKTDSVQTTESDLEFDACFHFEFAPQIKTFETQPLGFKYRMNGRLRRYTPDMLCYFNDGYAPYYEVKPKWITEQDEFKEKFDAQRQQAIANGHDLLVLTEDDIQIYPLLDNLKIIHRYACSDNLDDVQVRLLKLFQNYGEMRISQVLKVSQGQSASILPALYDLIAKKILEFDWHCPISHDSLVWRVS,402,1034,207,90.338,187,20,201,0,0,97.10,100,/stor/home/kh36969/gitrepo/META/guaC/Ga0057054_1080.fna
Ga0057054_1080,0..28730,tnsB,1061..2932,lcl|1061|2932|2|1,1,UniRef100_A0A1T5HV69,1.96e-122,UniRef100_A0A1T5HV69 tnsB Transposon Tn7 transposition protein TnsB n=1 Tax=Photobacterium piscicola TaxID=1378299 RepID=A0A1T5HV69_9GAMM,MSENSENAHSFEGFFPEKQSDISKPKISLGVPFGTEIQETYQDLFSFDEKRRDEAIHRYNILDVLIDLHGPSLNLKKISDSMAYLEDKFHSNIPSASSIYRYWNTYKESGFVLSSLIPGVTRGNREPRKALELEEYIDNAIKSFLSEESPTIKQAFTLLEAELDRHNECNDTQFTFEYESFRKRIVKKPDYEKLLIKKGKKAADIYYNKVGQRPGTTRVLQRVEADHTRLDLFVIDNARNLPLGRPWLTLLFDTHTKSVVGFYLGFEPPSYLSVSLALENAILPKDYVKELYPDVKNEWPCYGLPEHLIVDNGAEFNSKDFISACKNLRIKVKKNPVKKPWLKGSVERYFRTINNKLLSGIPGKSFSNIFARGDYNPQKNAIITRSDLMKVIHVWLIDIYQSSPNGLETNIPNLTWSDAMRSALPPRPFKGSINELRFNLGKNAEISLDKNGIRLKKTLRYSSASLAQYFGKHTYDGKSIKVKIKYDPTCMGKIYVLDEDKHEFFAVESVNPDYAYSVSEWLHKVCCDYARDYIRSNYRHNDVIKAWRVIYDIIDEALHLSGNDKQTNIGIREASKFERVREHAERTKSQQKPELSYLDEDDIDWGIDVDTDGWKVYSVRGNQ,373,958,578,38.235,221,337,331,8,20,57.27,91,/stor/home/kh36969/gitrepo/META/guaC/Ga0057054_1080.fna
Ga0057054_1080,0..28730,tnsB,2932..3885,lcl|2932|3885|1|1,1,UniRef100_A0A1T0A091,5.03e-15,UniRef100_A0A1T0A091 tnsB Transposon Tn7 transposition protein tnsB n=1 Tax=Moraxella caviae TaxID=34060 RepID=A0A1T0A091_9GAMM,MTASVKMLHQQVKNIFITDAQIDEILADIDECREDSDRISEPECLIVVGDSGSGKTTIINKYLADNPRMEAVEGSIIPILFTSLPANASPVTAPESLLSAMGDPLAFSHGKDPAELMKIVKDLLRECRVELIIIDEFQHMIDRKSKDVLHITADWLKMIIIESKILVVLFGMPYSTEILRANNQLRGRFESQHHLKPFKVKKKSELTRYKTFLTMLDEWLPFSTKSGLASEDLMKRVYVFSKGNMRLIRRLINKAAKFALLENAPCISLTHFSPAAPRVSRDACESFNPFEVDSKQLKIIEPSDNVGWENYLAAKED,73.6,179,234,25.214,59,150,112,7,25,47.86,71,/stor/home/kh36969/gitrepo/META/guaC/Ga0057054_1080.fna
Ga0057054_1080,0..28730,tniQ,11378..10164,lcl|11378|10164|1|-1,-1,tr|A0A0D1GLU1|A0A0D1GLU1_VIBPH,0.0,tr|A0A0D1GLU1|A0A0D1GLU1_VIBPH tniQ Whole genome shotgun sequence OS=Vibrio parahaemolyticus 901128 OX=1288792 GN=H334_19100 PE=4 SV=1,MQVGGILMKTMLLQRPKPFEDESLESYLIRIANKNGYQDVDHFLSALKHYLCDGDSEKFSSFPTDIRRINPYSSKHSSAARSHALHQISQLTFTEPVDLLKLAINRSPLKYSPSVTALLRGCEVFPRSLLRTNIIPVCPVCLQENGYASYLWHFEGYDCCHIHGLALTYNCQCGNPYDYRVSGLQLVCCSCGATQNHLLEKQTDRSSDISHWLAGETIKWLPAVPISYRWGLIHWWMNNKKSKELETDSFTIFWGNWPDSFHNLIKETLSYNQTYSLVAPNQWRLKDLLGEILFSSINLPGRNLQYNLILRELFHYLENHLWENNGLIANLRLSAFEVSLILGCSTEEVASMSEQGLLIPIQNRKRYEPMSLTNCIFHFGDVFCLWLAEFQTDEFNRSFYTSRW,545,1405,394,66.244,261,133,319,0,0,80.96,98,/stor/home/kh36969/gitrepo/META/guaC/Ga0057054_1080.fna
Ga0057054_1080,0..28730,cas6,7261..6599,lcl|7261|6599|2|-1,-1,gi|541871540|ref|YP_008528748.1|CAS-I-F|cas6f|cas6,4.07e-56,gi|541871540|ref|YP_008528748.1|CAS-I-F|cas6f|cas6 cas6,MICIFSWLISSKVGYFRKKGNDDMILYYRTVTFLPKIKNNEALVGHCLKVLHGVCTKYTINTIGVSFPEWGKETIGDKISFISPNQLELDFLLQQTYFSEMTGLGYFNISDSTPAPEQCNRAVFRRNQKLDQATPNGQRIRAERLAKRAMNRGDSPIRFIPNDLVFEHYHSIPITSTRSGKSFRLNLQYQQLDTVPDGQWAFSSYGLANQELKSGPVPVI,176,445,200,46.000,92,104,123,3,4,61.50,90,/stor/home/kh36969/gitrepo/META/guaC/Ga0057054_1080.fna
Ga0057054_1080,0..28730,cas7,8234..7197,lcl|8234|7197|1|-1,-1,"gi|525847192|ref|YP_008267628.1|CAS-I-F|cas7f|G7,CASCADE",2.88e-137,"gi|525847192|ref|YP_008267628.1|CAS-I-F|cas7f|G7,CASCADE cas7",MKLPIHLAYERSICPSEVAFLVVWPDGNREPLPCYSKTILGFNEGSHVGYDGSGAIRNNLKMNTLVQGNIHELDYCSVPYGAKSVECSFSVSFSSELLKPYKCSDAGVKKTLREFVSLYNQRVGLEELIIKYLTNIALGTWLWRNTKRSYCVSIEIRPWPWEGETIIIDDIRKYLKGDRSTNDLLNWNKLIEQVKEAFTDPMGLCILEVKANLIKPTMAQLYPSQMFKEAAKKENNRLYQSTIIDGIKSPIMGCYKTGAAIATIDTWYPDAEEPIRVGHYGVDRENSTAYRHPNTGKDFFSILKRTDEFVDRLKDIKELNQDELNDMHFLMANLIKGGLFQEKGE,392,1008,346,53.179,184,160,243,1,2,70.23,99,/stor/home/kh36969/gitrepo/META/guaC/Ga0057054_1080.fna
Ga0057054_1080,0..28730,cas5,10201..8513,lcl|10201|8513|2|-1,-1,"gi|433660432|ref|YP_007301291.1|CAS-I-F|cas5f|G5,CASCADE",1.49e-158,"gi|433660432|ref|YP_007301291.1|CAS-I-F|cas5f|G5,CASCADE cas5",MNSIVHFIPHDGDKMTLDELLATTKYEELVYSTKRSFRPLSPLIDITNNPMTALTILVNLTEKGISNKNLLNKERCKEKLRDHKWWAAVLKPVQYRHSHNVKFPDIRSTGTIRTVAPDNLPVYFITSSKLPNVGWTYSKDSSDINRCLFFTSEFLWAGQPCCLARALTDSEHPLWSTLKKLGCYEKNKKLAAKLLSQIPGELIDVDLTGNYLSQVSFPDGHDSYLSFSPVASQAMQSCVYQSLEQHYRQTAVMGFDRAANMGLLSASCGGRFRLIETKPYIKDKRHHCISEQPNWLTKEAIQSIEQFLRSEQWLVTHNEKPRMMAMTKSSIRSMVNRWLATRTKADDLSPAALAEHLNSDIASIRTVKKYAYQPKLTRLFIQLIGNGVECVDSAKEENTATNSQHLLLPELRICGGSAISSSVSVGLFSMMSLYGFINAFERNIQRVLASFTIDSFAICIHDYHLEKRGLTKKPIKKAKVSRDEKEKIAPPAIYDDYQFDSCISLIIKTPESKSIAAENIVALLPKRFARGTIRLPINGIQEIGAFPKPLPAIQAIKNPLGS,466,1199,546,43.223,236,293,344,6,17,63.00,96,/stor/home/kh36969/gitrepo/META/guaC/Ga0057054_1080.fna
Ga0057054_1080,0..28730,guaC,39..296,lcl|39|296|3|1,1,EFQ02808.1,7.08e-41,EFQ02808.1 guaC IMP dehydrogenase / GMP reductase domain protein [Escherichia coli 1827-70 1827-70],MKFYGMSSQSAMDKHSGGVAKYRAAEGKTVLLPFRGSVHGTISDILGGVRSTCTYVGAAKLKELTKRTTFIRVQEQENNVFGKEK,131,329,81,76.543,62,19,69,0,0,85.19,95,/stor/home/kh36969/gitrepo/META/guaC/Ga0057054_1080.fna
Ga0057054_1080,0..28730,parE,5302..4280,lcl|5302|4280|2|-1,-1,WP_184123230.1,8.10e-31,WP_184123230.1 parE DEAD/DEAH box helicase family protein [Mycobacteroides chelonae],MLRKWQSDCIEAAIKKYQSGSKHFLTQATPGSGKTIMSAYLSKHLVNADMVDLILCFSPSVNVANGFTTTFARILSCSFNGKLGSLGTSLTYQAIQYLDDSFWETISKYRVLAIFDEIHHCSGETLAEANAWGEQIILKVQNAATYTLALTGTPWRSDCLPISLSSYSDPEGRIICDYQYTLKQAITDNVCRKPKLVLVDNEQLKYTSIDESKSYSSIQAMFKEQKINYSSILQDKDALTYILRLSVDKLHSIRSSNHNAAGLIVAASVAHARQIQVILNEQLKQPSVLVSYQDPDAQHIIESFKRENSPWIISIGMISEGTDIPRLQVCCHLSNVRTEL,120,300,358,27.654,99,226,158,11,33,44.13,99,/stor/home/kh36969/gitrepo/META/guaC/Ga0057054_1080.fna
Ga0057054_1080,0..28730,glmS,12101..13660,lcl|12101|13660|2|1,1,WP_035343592.1,1.52e-73,WP_035343592.1 glmS two-component system response regulator GlrR [Dickeya],MVLCSARNLCSVNQYVEIEKVNMKSRRVLVSWIGDTDLKSTGHDPKINEPIGPIASTLETEAFDAAEFIYNYPDERVLPYIDWLKSQTDVPVNAKFVNLSSPTNFSEIYLQASKHLSSFDVNTDHLSILLSPGTPAMQAVWILLGKTRYACDFYQSSIQQGVQKIEIPFELSAEYIPAAKTLASDKIGQLTQATTPIDAAFDNIITRNPRMLKLKAQAQVIAEHDVPVLIYGETGTGKELFARAIHNASNRAKQPFIALNCGAIPSELVDSVLFGHKKGAFTGATADKPGVFEQANGGSLFLDEFGELEANVQVRLLRVLQEGSFTPVGGTKEHKVDVRLITATHRNLMEAVSNGTFREDLFYRIAVGVLHLPPLREREGDLLLLADSLLEALSSQESSLERKIISPDAKNLILKHSWKGNVRELQSTLLRALLWCEDKTITSDDIRQALFQMPEKESNVMNRDLSQGVDIQRVIGDIVSQYIRQALEHCGGNKTNAAKLLGLKSYQNLNNWMEKYGIS,238,606,299,43.478,130,157,190,4,12,63.55,58,/stor/home/kh36969/gitrepo/META/guaC/Ga0057054_1080.fna
Ga0057054_1080,0..28730,CRISPR array,6391..6471,,,,,"Copies: 2, Repeat: 20, Spacer: 40",CTGCCTATGCGGCGGCGAAC,,,,,,,,,,,,/stor/home/kh36969/gitrepo/META/guaC/Ga0057054_1080.fna
