MCUD01000183.1,0..37701,tnsA,10971..11735,lcl|10971|11735|3|1,1,UniRef50_A7MV62,8.46e-102,UniRef50_A7MV62 tnsA Tn7_Tnp_TnsA_N domain-containing protein n=43 Tax=Vibrionaceae TaxID=641 RepID=A7MV62_VIBCB,MWLGLPPFNVATTISCPKKAITCPFKSHKVSYALFSCFFTTKIGTRMYIRNLRKPSPNKNIFKFASAKNKDTIMCEGSLEKDCCYHFEYDADVVSFESQPKGFLYDFDGKQLPYTPDFFVIYTDGCYSFVETKPYSKTLSKEFKLKFRARKQAAKKLGFDLILVTDKQIRTGYFLKNSEMVHRYSGCIEGDSLTDAVLEELLISKAIKIYELAQRISSSIGEVFASVLRLISIGKARTDFDLEVLNENSIISVN,293,749,207,65.217,135,72,163,0,0,78.74,81,/stor/home/kh36969/gitrepo/NCBI/ffs/MCUD01000183.1.fna
MCUD01000183.1,0..37701,tnsB,11736..13643,lcl|11736|13643|3|1,1,UniRef100_A0A0N8TSW6,6.49e-159,UniRef100_A0A0N8TSW6 tnsB Transposon Tn7 transposition protein TnsB n=1 Tax=Pseudoalteromonas sp. P1-25 TaxID=1723758 RepID=A0A0N8TSW6_9GAMM,MSRHFKDEFDPIHSEGAEQEFLSLPETKRTQLQYDSLDNTKTYERDLASFPPEQKEKALQRYKLLCLVHKDLKGGWTPKNLNPLIDQHIDKTSLPKPSYKTLIRWHQAFSGSHGSFTSLVDKNYLKGNREPRVTGDEVYYERALERFLDAVRPSINAAYQVYCDEIIIANETIISGKIPTVSYESFKNRIKKEQPYSVALARHGKYYADKLYHYYQSVQMPTRILERVEIDHTPLDLILLHDDLLIPLGRAYLTLLVDVFSGCIIGFHLGFKAPSYVSASKAILHSIKKKDYISSLPIELQNEWPCSGKIENLVVDNGAEFWSKSLEDACTESGINIVFNKVRKPWLKPFVERKFGEIIQGMVGWVPGKTFSNVLEKEDYKPEKDAVMRFSVFVEELHRWIVDVHNAKPDTRNTRIPNLYWQKSFEVLPPMQLLAEKEKAFSVIMGLLHVGALTSKGIKYKHLEYDSVALEQYRKQYPQTKQSRRKKIKIDPDDLSTIYVYLEELSGYIEVPSKNSDGYTDNLSLCEHQRLVKTHRDYIKGEINALSLAKARMALHARIKSEQANLREMSLPERTRKASGTKKTAELIGVNSDSSSNKSNIPTLVTHEEESNANKVEPIDDFRARWNRRKKERSS,468,1203,554,43.863,243,306,359,3,5,64.80,87,/stor/home/kh36969/gitrepo/NCBI/ffs/MCUD01000183.1.fna
MCUD01000183.1,0..37701,tnsC,13610..14626,lcl|13610|14626|2|1,1,UniRef100_A0A143QFU6,4.22e-09,UniRef100_A0A143QFU6 tnsC Transposon Tn7 transposition protein TnsC n=2 Tax=unclassified Rhodococcus TaxID=192944 RepID=A0A143QFU6_9NOCA,MESTQKREEQLVSQPMSNSHIDLVLSDYHDSFTTYPEVEKVFSGLDWIIKRRKFGTFVPSMLLTGGTGAGKSALIKYYVANNLSAKEVLITRVKPTLHETLLWIAKELSVYKNRKAKASDIGLETYVSACIKQTDLKLIVIEECQELFECTTHNARQNIRDRLKMISDDCRLPIVFVGIPSAKLILEDSQWERRIMVKRELPYIKITDEASMDRYMDLLEAMETSVPMPFEIDLTDVDLAMRLLAASHGMVGMLKELIASALESALLAKQLVIRVGDFAIGYEAIFGIDVSNPFTVEIDDLAIKQIESYEEYVPDADTGELKFVGQIFNNLSMKQLLG,55.1,131,257,24.125,62,171,112,7,24,43.58,72,/stor/home/kh36969/gitrepo/NCBI/ffs/MCUD01000183.1.fna
MCUD01000183.1,0..37701,tniQ,26630..27721,lcl|26630|27721|2|1,1,tr|A0A2N8ZDD4|A0A2N8ZDD4_9VIBR,0.0,tr|A0A2N8ZDD4|A0A2N8ZDD4_9VIBR tniQ Uncharacterized protein OS=Vibrio tapetis subsp. tapetis OX=1671868 GN=VTAP4600_A1938 PE=4 SV=1,MDQHEAIAGAFPLELERVNIYHAQTTSQMRVRVLIHLENQLKLNNFGVLRLALSHSKAQFSPRYKAVHRFGSDYPYAFLRKRFTPICPLCVNEAPYIRQQWQFISHQACEHHGCKLVHHCPECKSRLEYQSTESIGQCECGYELRNSPVDDAPEAETLVARWLSGNDSKPLGLLKAEMTLSERYGFLLWYVNRYGDIDGLCFESFIEYCGSWPTSLWQDFDVLKEKTELVRVKDWKKMFFNEAFGALLKDCRQLPSRQLSHNIVLAQVLAYFTKLMATVPSSAKGNIGDVLLSPLEASTLLSCTTDEVYRLYEFGEIKAAIRPRMHTKIASHESAFTLRSVIETKLTRMSSESDGLSVYLPEW,561,1447,364,72.802,265,98,305,1,1,83.79,100,/stor/home/kh36969/gitrepo/NCBI/ffs/MCUD01000183.1.fna
MCUD01000183.1,0..37701,ffs,10891..10986,,1,ffs,1.29e-40,ffs,CTGGTCCTCCCGCAACACTAACTTGTGAACTCGGTCAGGCCTGGAAGGGAGCAGCCGCAGCAGGCGACGTGTGTGCCGGGATGTGGCTGGGGCTTC,161,87,96,96.875,93,3,93,0,0,96.88,0,/stor/home/kh36969/gitrepo/NCBI/ffs/MCUD01000183.1.fna
MCUD01000183.1,0..37701,cmr6,19160..18816,lcl|19160|18816|2|-1,-1,"gi|194334786|ref|YP_002016646.1|CAS-III-C|cmr6gr7|G7,CASCADE",0.004,"gi|194334786|ref|YP_002016646.1|CAS-III-C|cmr6gr7|G7,CASCADE cmr6",MTASSFCLETICSRIALCALVEPNNTPSGIITAARPPTLSMRKIRAKNSNSDFSVGFFFFTSTLMSLPFSSFSILYVGLGFLTTGFLPNARSKSGATMSKSTEPLNGGFARMRL,34.3,77,86,24.419,21,61,47,3,4,54.65,73,/stor/home/kh36969/gitrepo/NCBI/ffs/MCUD01000183.1.fna
MCUD01000183.1,0..37701,cas3,20859..24464,lcl|20859|24464|3|1,1,gi|347522986|ref|YP_004780556.1|CAS-I|cas3|cas3,0.003,gi|347522986|ref|YP_004780556.1|CAS-I|cas3|cas3 cas3,MSDTVNGSTSNFGFMDVALNGGNDVYTTRCAEIQTRAKNAESNIKTDPRIAGFYARNALELMVETVFDIDNWLTRPRHDATLMSLIHDKDFKQNLETHLFPKLKLVIQVGNEAVHSKTTLPQRDALQAVKELHHVLYWFIRTYTPNLDRKQFVVQPFDEALIPQQVSIDATVATKALSSIKRVKELEKQLEQDDKVEREAYLQQLKENETLKAANQALLEQIEQAKQSAEKVTDAHDYNEEETRTYLIDVLLHEAGWKLEHKRDREYPVSGMPISKVNPKGNGFVDYVLWGDDGTALAVVEAKRANISPEEGKRQAELYANCLAEQCGVRPVIFYTNGYDTHLWDDHFYPPRQVQGFYTKAELELMVKRRTDRKSFFESGMPNSNLLINNEITNRHYQKSAITKLLQDFELEHERKGLFVMATGTGKTRTVISLVDLLVKNDWVKNVLFLADRNALLTQAKKNFVKLLPRVSCSILDSGQSKNNIDSRLYFSTYPTMKNLLDRGADERPFGVGHFDLVIVDEAHRSVYSKYRQIFEYFDGFLVGLTATPKDEVEKDTYGIFELQKGMPTYAYEDDKAYDQGYLVPPTKISVATKFLREGVKYKDLSDEEQEEWENKAELEDRDEVLPSEVNKFLFNEDTAEKMFAQLMSKDDRGGIHVEGGDVIGKTIVFAANNDHAVFLEKMFNKNYPKWAGKLARVITFKETYAQSLIDEFGGDENKIDEFDPKNPTCRIAISVDMLDTGIDVPEVVNLVFFKVIRSKVKFTQMIGRGTRLCKDLFGPNDDKKTFKVFDYCQNFEYFDANPEGIAVGVAKPVTQQVFEKRVLLSTLLNDKLTNEEFREQNPEDCERYTELNRYQLDMLHHLVSGMNLDNFIVRPKRQAVEPFLERDHWNNIDDTKFTELESQISALPTEAEAFNSDEQLNHLSHRFDSLVLTMQLDLLEKGMLSETSRGRVVEFAELLEAKSTIPAVQAQLQLIQDIQTQEFWQDIHLVTLEELRRKLRNLMFALDKDKKEMVYTNFEDEVQGVHDVTNVYKNPSVDLAQYRKKIELYIQDHQDQLTIQKLKRNKSITQADLDVLEGLLLDASGMSDVEAYREKILQEKPLGTFIRELIGLDMNAAKEAFSSFLDEESYNAEQIQFVDQVIDYLVNNGILDMSQLFEPPFTDNHGESAYGFFDEGTVVELFGVIRKVNANAVVEESKTA,40.4,93,141,25.532,36,88,63,5,17,44.68,11,/stor/home/kh36969/gitrepo/NCBI/ffs/MCUD01000183.1.fna
MCUD01000183.1,0..37701,cas8f,27724..29811,lcl|27724|29811|1|1,1,"gi|375263742|ref|YP_005025972.1|CAS-I-F|cas8f|LS,CASCADE",0.0,"gi|375263742|ref|YP_005025972.1|CAS-I-F|cas8f|LS,CASCADE cas8f",MTKLSDLLAIEDEAVKLSALKKVFMPYTEDVCVEGYEKEALTILLNLSSSHQADRCSDWLDVARAKRHFKAAENLEASLDEIKWFHTHNLKFPDCRVKDLRIIAQPLVTTEAFISSAVLEQRLGWAHNSAVYRHTLWLLNPFRWQSQSVSLLSLIQQETPVWLDLLKEFGLGVKSLTRLQNTLAEELPENSFPDSVSTYSKQLRFPWEYDYVSITPVVSHAIQSELEVRSRSQESKLNFVSSSLPNSASIGNLCGSLGGHMKVLNYPLDVKPAQGRTLPESRKKSGHYFDDYQVTNAKICQVLNHLIGSEPSKTQKQRESARKVRSKILRKQIALWMLPLIELRDIVDADPNQQQLEHDDTLAQAFLTQPESDLGSLASEFNRCLHLAFQNNKYAAKFAYHPKLMQVVKAQIVWILEQLSKPNGNEDKVTGEQYIYLSSMRVQDAVAMSSPYLCGAPSLAAIWGFMHHYQREFNKLVNCDSPFEFSSFSFYVRSENIQPTAKLTEPNSVAKARTVSNAKRPTIRSEQLADLEIDLVIRVHSDSRISDFKSALKTALPVAFAGGALYQPQLSTQVEWLKTFTSWSELFHVLKGLPAYGRWLYPSEKQPNDFDELECLITKDADNLPVSIGYHLLERPTKRCNSITGCHAYAENAIGLAQRVNPIEVRFSGRDHFLNHAFWSIECSSETILIKNYRD,870,2247,698,59.456,415,278,528,1,5,75.64,99,/stor/home/kh36969/gitrepo/NCBI/ffs/MCUD01000183.1.fna
MCUD01000183.1,0..37701,cas7,29818..30849,lcl|29818|30849|1|1,1,"gi|375263741|ref|YP_005025971.1|CAS-I-F|cas7f|G7,CASCADE",0.0,"gi|375263741|ref|YP_005025971.1|CAS-I-F|cas7f|G7,CASCADE cas7",MELCTQLNYVRSLSVGKAYFYHLSKSGEMCPLEIDRTRLRAPKGGYAEAYKGGKFVKKNVAPQDLAHSNPQFIEECYVKPGVDDIYCAFPLRIRANSLTPDICSDDEVRSKLSLLAKTYKELNGYHELALRYAKNILLGTWLWRNRECRQLSIEVTTSDSQTLIIENAIKLSWYGHWDKASAECLEKLTAYLMRALSDPTEYFYMDVKAKIGVGWGDEVYPSQEFLESREDGVPTKQLATVELLNGKETVAFHGQKVGAALQSIDDWWHEDADKPLRVNEYGADREYVIARRHVAHGNDFYQLLRNTENWIESMTASQVIPNDVHFIMSVLIKGGLFNCSKAK,519,1337,339,70.206,238,101,286,0,0,84.37,99,/stor/home/kh36969/gitrepo/NCBI/ffs/MCUD01000183.1.fna
MCUD01000183.1,0..37701,cas6,30856..31464,lcl|30856|31464|1|1,1,gi|375263740|ref|YP_005025970.1|CAS-I-F|cas6f|cas6,3.24e-93,gi|375263740|ref|YP_005025970.1|CAS-I-F|cas6f|cas6 cas6,MMTKRYYFLIRYIPTQADNELLAGRCISQMHLFMVNNRQAMNRIGVSFPDWNESTVGQTIAFVAEDKEMIIGLSFQPYFSLMVNEGLFEISSVCEVPDTAVEVRFVRNQTIGKSFLGSKKRRIKRSMARAELSGVEPSLPVTNEERVIDSFHRIPISSGSSGEDYMLFVQKELVSERGTANFNSYGLATNQEIRGTVPDFSF,269,688,197,65.482,129,67,152,1,1,77.16,98,/stor/home/kh36969/gitrepo/NCBI/ffs/MCUD01000183.1.fna
MCUD01000183.1,0..37701,parE,1795..4908,lcl|1795|4908|1|1,1,VFJ57583.1,1.31e-04,"VFJ57583.1 parE ParE toxin of type II toxin-antitoxin system, parDE [Candidatus Kentron sp. DK]",MLLSDVSVKRPVAAIVLSLLLVVFGIVSFNKLAVREMPDIESPVVSISTRYEGASATIIESQITSNLEDQLSGISGIDEIESTTRNGSSRITITFELGYDLNTGVSDVRDAVARAQRSLPDEADDPIVYKNNGSGEASVYINLSSTEMDRTQLTDYTERVLIDRFSLISGVSSVDISGGLYKVMYVKLKPAQMAGRGVTASDITQALNNENIESPGGEVRNDAIVMSVRTARSYTQAEDFEYLVVKRASDNTPIYLKDVADVYIGAENENSTFKSDGVVNVSMGIVPQSDANPLEVADLVHKEVEAIQKFLPDGTRLAVDYDSTVFIDRSISEVYSTLFITGGLVILVLYVFIGQARATLIPAVTVPVSLISSFIAAYYFGFSINLITLMALILSIGLVVDDAIVVVENIFHHIERGESPLLAAYKGTREVGFAVIATTLVLVMVFLPISFMDGMVGLLFTEFSVLLAMSVIFSSVVALTLTPVLGSKILKANVKPNRFNRFVERVFGKLEAGYKAVLRRALNWRWAAPIIIIACMGGSYGLMQQVPSQLTPQEDRGVIFAFVRGADATSYNRMSANMDIVEERLMPLLGQGFLKSFSIQSPAFGGNAGDQTGFVIMILEDWDERDVTAQEALNEVRKSLNGIPDVRVFPFMPGFKGGSSEPVQFVLGGSDYSELQKWGELLKQAAEDSPMMEGADIDYSEKTPELLVTVDKQRAAELGVSVSDISDTLEIMLGGRSETTFVDRGEEYDVYLRGDENSFNNANDLSQIYMRTQSGELVTLDTLTHIEEVASSIRLSHYNKQKSVTIKANLMEGYTLGDALDFLDEQAIEQLPGDISVSYSGESKDFKENQSSILVVFALAMLVAYLVLAAQFESFINPLVVMFTVPMGIFGGFLGLVLMSQGLNVYSQIGMIMLIGMVTKNGILIVEFANQLRDRGIEFEKAIIDASARRLRPIMMTAFTTLAGAIPLITSTGAGYESRVAVGTVIFFGMGFATLVTLFVIPAMYRLISGSTRSPGHVEAVLNKELSHDNVGRTSHG,41.2,95,73,30.137,22,51,36,0,0,49.32,7,/stor/home/kh36969/gitrepo/NCBI/ffs/MCUD01000183.1.fna
MCUD01000183.1,0..37701,parE,15572..16954,lcl|15572|16954|2|1,1,WP_184123230.1,1.02e-37,WP_184123230.1 parE DEAD/DEAH box helicase family protein [Mycobacteroides chelonae],MLRAWQAECAAQVIEKFTLHKHSHFLCQATPGAGKTVMAAEVASRLFEQGMIDLVLCFSPSLTVAEGMKKTFSWKLECSFNGGLGSLGGSYTYQSIRFLEQNFWNTVSKYRVLVVFDEIHHCSFDDEGRSNSWGLEIVSKIQGFARYTLALSGTPWRSDRLPIVMAEYSDPEGKVVCDYQYGLQQAVEDEVCRRPKIVLIDNEHLSIKAGSDNQHFVSILDCLKQSDVSYQSVIHNEDAMNYILNSGCQKLAQIRQESPSAGGLVVASSIKHAKDIQKRLVEHFNQSACIVTYHHDDPLNEIESFRHSKVQWIVSVGMISEGTDIPRLQVCCHMSSVKTELYFRQVLGRILRVNDSPNQEAWLYTFAEESLIGFAERIEQDIPDSCMYIKQENNLPSAIDEKRLPSKTVSESVQPNRSQPSLLSWGETSDMINSNNAGFILAFDELRLGQFKQRVIAAFI,142,359,381,29.134,111,237,180,15,33,47.24,79,/stor/home/kh36969/gitrepo/NCBI/ffs/MCUD01000183.1.fna
MCUD01000183.1,0..37701,CRISPR array,31592..31680,,,,,"Copies: 2, Repeat: 28, Spacer: 32",AGTGTCCTGCCGCATAGGCAGCTAAGAA,,,,,,,,,,,,/stor/home/kh36969/gitrepo/NCBI/ffs/MCUD01000183.1.fna
