NJHL01000001.1,0..91225,tnsA,20000..20623,lcl|20000|20623|2|1,1,UniRef50_A0A090P7F5,4.44e-111,UniRef50_A0A090P7F5 tnsA Tn7_Tnp_TnsA_N domain-containing protein n=102 Tax=Gammaproteobacteria TaxID=1236 RepID=A0A090P7F5_9VIBR,MFDQTKKSSHVHNIGKFMSLKNDAVVRTLSILEFDFCFHLEYNPNIKSFTSQPFGFHYQFNNRKCRYTPDFLAIGHNEQSTFFEVKHSSQILKPDFRERFEEKQRVALSEFNRRLVLVTEKQIRMGPTLDNFKLLHRYSGLRTVTEFQKRVLAFIQRKQMVKLQEVSLYFGLSEQDTLISTLPWLSSGHVKTDLNTIGFGLETCVWC,314,805,207,70.531,146,61,170,0,0,82.13,100,/stor/home/kh36969/gitrepo/NCBI/ffs/NJHL01000001.1.fna
NJHL01000001.1,0..91225,tnsB,20626..22491,lcl|20626|22491|1|1,1,UniRef100_A0A378ML46,0.0,UniRef100_A0A378ML46 tnsB Transposon Tn7 transposition protein tnsB n=1 Tax=Vibrio anguillarum TaxID=55601 RepID=A0A378ML46_VIBAN,MPPDSNNIFGFFDEFEASEEESQLLSKELILEPVEISSTIDSLPAKIQEEVLRRIKVITFVEKRLKGGWTEKNLNPILSLVESELQLIPPSWRTVATWKKSYSEAGREPWALIPKHTFKGNRQKEMDSQSLIDEAIQNVYLTRERLSVAEAYRYYKSRVIQINRGIVEGKIKPIAERSFYNRINELPPYEVAIARFGKRYADREYRSVGQQVAATKPMEFVEIDHTPVPVILIDDELDIPLGRPYLTMLYDRFSKCIVGCSINFREPSFDSVRKALLNSLLDKSWLKAKYPSIENEWPCHGKIDCLVVDNGAEFWSQSLEDSLRPLVSDIQYSQAAKPWRKSGIEKLFDQMNKGLVNALPGKTFTNPTQLQDYNPKKDAVIRVSVFLELLHKWIVDYYHMAPDSREREIPYHKWHQSKWTPSYYDGAEKEQLRVELGLLRHRTIGVAGIRLHNLRYQSAELIEYRKYCTPNDGKKLFVKTKTDPSDISYIHVYLESEKKYIKVPAVDNSGYTNGLSLFEHQRIQKVRRLNTKQLADDEALADTFLYMKKRIQEETDRFRRVKSSKPSLPKTGNTSKLAKFNDVGSEGPSSINVITVRHKSEVVSDASEYLDDDDFEDIEGY,1237,3201,621,96.135,597,24,608,0,0,97.91,100,/stor/home/kh36969/gitrepo/NCBI/ffs/NJHL01000001.1.fna
NJHL01000001.1,0..91225,tnsB,22457..23554,lcl|22457|23554|2|1,1,UniRef100_A0A1T0A091,1.93e-10,UniRef100_A0A1T0A091 tnsB Transposon Tn7 transposition protein tnsB n=1 Tax=Moraxella caviae TaxID=34060 RepID=A0A1T0A091_9GAMM,MTMILKILKGINLNLTPKQLEQLKSFETSFIEYPAITEIYSIFDQLRFNHSLGGEPESFLLTGEAGSGKTALINNYLSRFQSGSTWEKQPVLSTRVPSRINEQNTLTQFLVDLDCKSGGRGIRRRNEIALGEAVVKQLKRKSVELIIVNEIQELVEFSTAEQRQVIANTFKYISEEARVSFVLVGMPYADVIATEPQWNSRLSWRRKIDYFKLLKAKSHSNRTVSYGFDLEQKKHFARFVAGLSSRMGFDEPPVLAKNELLYPLFAMCRGECRALKHFLKDALLTSFKDDADTIDRAILSRTFAFKFPYLDNPFDRPLEQLSLHQIDSGSAYHLNAITTEDKIVAPRFTDAIPLSMLLSKNGLKV,60.5,145,248,22.581,56,150,106,8,42,42.74,65,/stor/home/kh36969/gitrepo/NCBI/ffs/NJHL01000001.1.fna
NJHL01000001.1,0..91225,tniQ,45088..46095,lcl|45088|46095|1|1,1,tr|A0A099LTP3|A0A099LTP3_9VIBR,0.0,tr|A0A099LTP3|A0A099LTP3_9VIBR tniQ Uncharacterized protein OS=Vibrio navarrensis OX=29495 GN=EA26_05655 PE=4 SV=1,MRVRVLIHLENQVKLNNFGALRLALSHSKAQFSPEYKAVHRLGSDYPFVFLGKRFTPICPLCISEAPYIRQQWQFLSQQACERHGCKLVHHCPECQSRLEYQTTESISQCECGFELRNSPVADAPVAALLVARWLSGNDSKPLGLLKAEMTLSERYGFLLWYVNRYGDIENISFESFVEYCSCWPRVLKEELDELVNKADLIRIKDWKKTFFNEVFGALLKDCRQLPSRQLERNSVLTQVLAYFTKLMATPPSSSKGNVGDVLLSPLEVSTLLSCTTDEVCRLYEFGEIKAAIRPRMHTKIASHDSAFTLRSVIETKLTRMCSENDGLSVYLPEW,594,1531,295,96.610,285,10,289,0,0,97.97,88,/stor/home/kh36969/gitrepo/NCBI/ffs/NJHL01000001.1.fna
NJHL01000001.1,0..91225,tniQ,71225..70677,lcl|71225|70677|3|-1,-1,tr|A0A417XIF4|A0A417XIF4_9CLOT,1.21e-04,tr|A0A417XIF4|A0A417XIF4_9CLOT tniQ GNAT family N-acetyltransferase OS=Clostridium sp. OF09-10 OX=2292309 GN=DXA91_00825 PE=4 SV=1,MSPDFEIITPRLALRLIPADDAHSLQRLLSQSPSLHTWLDWCDAEVSLKDAQDFLLATRLNWVKTEAFGFGIYDRDSNTLLGMAAVNELYHTFNMANIGYWVADRYQRQGYAQEAIKALAEFCFAKLSLTRIEIVCDPDNNASQALIESVGAKKEAIARNRFIFHGKPKDGVVYSLLPTDLL,38.9,89,114,25.439,29,71,53,3,14,46.49,63,/stor/home/kh36969/gitrepo/NCBI/ffs/NJHL01000001.1.fna
NJHL01000001.1,0..91225,ffs,19784..19880,,1,ffs,8.55e-41,ffs,CTCTGGTCCTCTCGCAACAATAGCTCGTGAACTCGGTCAGGTCCGGAAGGAAGCAGCCGCAGCGTGTGACTTGTGTGCCGGGATGTGGCTGGGGTCC,163,88,97,96.907,94,3,94,0,0,96.91,0,/stor/home/kh36969/gitrepo/NCBI/ffs/NJHL01000001.1.fna
NJHL01000001.1,0..91225,cas3,29754..33350,lcl|29754|33350|3|1,1,gi|347522986|ref|YP_004780556.1|CAS-I|cas3|cas3,0.002,gi|347522986|ref|YP_004780556.1|CAS-I|cas3|cas3 cas3,MSDTVNSNFAFMDVALNGGADVYTTRCAEIQTRAQNAERNIKTDPRIAGFYARNALELMVETVFDIDKRISRPPHDATLMSLIHDRGFKQNLTTNLFPKLKLVIKVGNEAVHSKTTLPQRDALQSVKELHHVLYWFIRTYTPNLDRSKFVVPPFDEALIPQQVSMDAAVATKALSSIKRVQELEKLLEQADKVEREAYLKQLKENEALKAANQALLEQIEQAKQSAEKVTDTHNYNEAETRTYLIDVLLEEAGWKLEHKRDREYPVSGMPISQANPNGNGFVDYVLWGDDGTALAVVEAKRTHRRAEDGQQQAKLYADCLEKQCGVRPVIFYTNGYETHLWDDHFYPPRQVQGFYTKAELELMVKRRTDRKPFFENGMPNSNLVINNEITNRHYQKSAITKLLQDFELEHERKGLFVMATGTGKTRTVISLVDLLVKNDWVKNILFLADRNALLTQAKKNFVKLLPRVSCSILDSGQSKNSIDSRLYFSTYPTMKNLLDRGADERPFGVGHFDLIVVDEAHRSVYSKYRQIFEYFDGFLVGLTATPKDEVEKDTYGIFDLQKGMPTYAYEDDKAYDQGYLVPPTKISVATKFLREGVKYKDLSPEEQEEWENKAELEDRDEVLPSEVNKFLFNEDTAEKMFAQLMSKDDRGGIHVEGGDVIGKTIIFAANNDHAVFLEKMFNKNYPKWAGKLARVITFKETYAQSLIDEFSGDENKIDEFDPKNPTCRIAISVDMLDTGIDVPEVVNLVFFKVVRSKVKFTQMIGRGTRLCKDLFGPNDDKKTFKVFDYCQNFEYFDANPEGIAVGVAKPVTQQVFEKRVLLSTLLNSRLNNEEFREQHPEDCERYSELNRYQLDMLHHIVSGMNLDNFIVRPKRRAIEPFLEREHWDNIDDAKFTELESQISELPTEADAFNSDEQLNHLSHRFDSLVLTMQLDLLEKGMISETSRGRVIEFAEQLEAKSTIPAVQAQLQLIQDIQTQEFWQNIHLVTLEELRRKLRNLMFALDKDKKEMVYTNFEDEVQGVHDVTNVYKNPSVDLAQYRKKIELYIQDHQDQLTIQKLKRNKAITQADLDVLEDLLLEASGMSDVETYREKILQEKPLGTFIRELVGLDMNAAKEAFSSFLDEEAYNAEQIQFVDQVIDYLVSNGILDMSQLFEPPFTDNHGESAYGFFDEGTVVELFGVIRKVNANAVVADSKTA,40.8,94,141,29.078,41,83,66,6,17,46.81,11,/stor/home/kh36969/gitrepo/NCBI/ffs/NJHL01000001.1.fna
NJHL01000001.1,0..91225,cas8f,46098..48185,lcl|46098|48185|3|1,1,"gi|375263742|ref|YP_005025972.1|CAS-I-F|cas8f|LS,CASCADE",0.0,"gi|375263742|ref|YP_005025972.1|CAS-I-F|cas8f|LS,CASCADE cas8f",MTKLSDLLAIEDEAIKQTALKKMFMPYTEDVCVDGYEQETLTILLNLSSSHQADRCLDWLDVARAQRYLKDSENLDASLAEIQWFHTHNLKFPDCRVKDQRIIARPLSTAEEFISSAVLAQRLGWAHNSAVYRHTLWLLNPFKWQSQPVCILSLIQQKNSVWLDLLTEFGLDVKSLARLQRVIEEQLPENNFPDSVSTYSKQLRFPWGDDYVSITPVVSHALQCELEIRARSPENKFSFVSSSLPNSASIGNLCGSLGGHMRVLNYPLGVKQTKGGTLAANRQKSGHYFDDYQVTNAKICQVLNRLIGSEPAKTQRQRERARQVRSKILRKQIALWMLPLIELRDIAESEPIQQQLEHDDTLVQAFLSLPESELGSLAGEFNRRLHLAFQNNMYSAKFAYHPKLMQLAKAQVTWVLERLSKPINNQDTVTGEQYVYLSSMRVHDAVAMSNPCLCGVPSLAAIWGFMHDYQRQFNQLVNYGSPVEFSSFSFYVRNENIQSTAKLAEPNSVAKARTVSNAKRPTIRSERLSDLEIDLVIRVNSESRISDFRSALKTALPVAFTGGALYQPQLSTQIEWLRTFTGRSELFHVLKGLPAYGRWLYPSEKQPTNFDELERLLTQDDDNLPVSLGYHLLEHPTKRGDAITGCHAYAENAIGLAKRINPIEVRFSGRDHFLNHAFWSIECSSETILIKNYRD,857,2213,698,58.596,409,284,524,1,5,75.07,99,/stor/home/kh36969/gitrepo/NCBI/ffs/NJHL01000001.1.fna
NJHL01000001.1,0..91225,cas7,48192..49223,lcl|48192|49223|3|1,1,"gi|375263741|ref|YP_005025971.1|CAS-I-F|cas7f|G7,CASCADE",0.0,"gi|375263741|ref|YP_005025971.1|CAS-I-F|cas7f|G7,CASCADE cas7",MELCTQLNYVRSLSAGKAYFYYLSESGEMCPLNVDKTRLRAPKGSYSEAYKGNKFVDKNVAPQDLAYSNPQFIEECYVKPGVDEIYCAFSLRIRANSLTPNICSDDEVRSKLSMFAKIYKELNGYKELANRYAKNILLGTWLWRNRECRNITIEVTTSELDTFVVEHAQKLSWYGHWDGDSTECLERLTAYLERALSDPTEYFYMDIKAKMQVGWGDEVYPSQEFLDSREDGIPTKQLATVELLSGKETVAFHGQKVGAALQSIDDWWHEEADKPLRVNEYGADREYVIARRHVSHGNDFYQLVRNTENWIEIMTVSQTIPNDVHFIMSVFIKGGLFNCSKAK,520,1339,339,70.796,240,99,284,0,0,83.78,99,/stor/home/kh36969/gitrepo/NCBI/ffs/NJHL01000001.1.fna
NJHL01000001.1,0..91225,cas6,49226..49837,lcl|49226|49837|2|1,1,gi|375263740|ref|YP_005025970.1|CAS-I-F|cas6f|cas6,7.81e-92,gi|375263740|ref|YP_005025970.1|CAS-I-F|cas6f|cas6 cas6,MSMTKRYYFCIRYTPVQADYELLAGRCISQMHLFMVNNRQTINKIGVIFPDWSDVTVGQTIAFVAEDKEMMIGLSFQPYFSLMVKEGLFELSSICEVPENLGEVRFVRNQTINKSFLGSKKRRIKRSMVRAELSGAEQRLPVTNEDRVIDSFHRIPISSGSSGEDYMLFVQKEFVGERGGANFNSYGLATNQERRGTVPELRF,266,679,199,64.824,129,69,152,1,1,76.38,98,/stor/home/kh36969/gitrepo/NCBI/ffs/NJHL01000001.1.fna
NJHL01000001.1,0..91225,csx1,62053..60788,lcl|62053|60788|1|-1,-1,gi|292492853|ref|YP_003528292.1|CAS-III|csx1|CARF,3.33e-50,gi|292492853|ref|YP_003528292.1|CAS-III|csx1|CARF csx1,MKSPLFFLGLVYIWVIWPAHPLHFSFRAATQKGKSMAVHVGIIDQDPVRLVTPLLDNRTLSTHIVFIGDKTQVDMFDRLSSVLEQREITSEFFEIPSAVNTTLIKQSIQKLAKDLHDRGEDVKLNASCGLRHRLLSVYEVFRTYRWPIFVVEPNSDKLCWLYPDGKEDTQVEDHITISDYLTIFGARGEFHHVDLPPLLDQKLYELGERWASNALELGPGLATLNYLATTCRKEQKLDVELSEKQQGYRELNMLLSDLVEAQIATYENGILTFANEDARRFSNGEWLETLVHSTVKQIQDTMPTIQDRSLNVQVYRKLGESEVRNELDVATVVNNKLHIIECKTKGMRDDGDDTLYKLESLRDLLGGLQARAMLVSFRPLRHNDITRAEDLGLALIGPEELKDLKTHLAKWFEAAGGSDEI,173,438,391,30.946,121,245,186,7,25,47.57,89,/stor/home/kh36969/gitrepo/NCBI/ffs/NJHL01000001.1.fna
NJHL01000001.1,0..91225,cas3,75673..72212,lcl|75673|72212|1|-1,-1,gi|347756299|ref|YP_004863862.1|CAS-I|cas3HD|cas3,2.25e-07,gi|347756299|ref|YP_004863862.1|CAS-I|cas3HD|cas3 cas3,MTKATILSVTNPTERGDKKQLGNLPGAALPLAIAELAKQHSSHSLLVVPDPQIALKLQAEIEQFTDQPVSLFPDWETLPYDNFSPHQEIISDRIARLYQLPNQRGGVTIVPVSTVLQRQSPREFLLQHTLMVKTGDNFSLENLRVQLENSGYRHVDQVFGPGEYASRGSILDLFPMGSADPYRIDFFDDEIDTIRTFDPENQRSIEDIQQIQLLPAHEFPTTKEAIEDFRTRWRTQFEARREPESIYMQVTKGTWPAGIEYWQPLFFDHTETLFDYLPEDSQLITYGDIEAAVDTFLNDVEYRYDQKKIDPLRPLLAPHDLWLKKDELFAHFKQLPQAQLSLEKVVKRAGRQNLAVQTLAELGVQQQNKEPLSRLRQFSEQFTGKIIFSVESEGRREALTELLQGIKVRPVVQESLYHALESDHRFTLILGSAEHGFIHDELNFALICESDLLGDRVIQRRRKDKKAVNSDTVIRHLAELKPGQPVVHIDHGIGRYIGLQTLEAGGMKTEYVTLEYQNDAKLYVPVSSLNLISRYSGGAEETAPLHKLGGEAWSKARRKAAEKVRDVAAELLDVYAKRELKPGFKFALDRGQYATFKATFPFEETDDQAMAINAVLSDMCQAKAMDRLVCGDVGFGKTEVAMRAAFVATDNSKQVAVLVPTTLLAQQHFENFRDRFANLPIRVEVLSRFKSAKEQKVILQDVADGKVDIVVGTHKLLSSDIKFKDLGLLIVDEEHRFGVRQKEKVKAMRADVDILTLTATPIPRTLNMAMSGMRDLSIIATPPARRLAIKTFVREREESVVREAVLREIMRGGQVYFLHNQVETIEKTAEDLQKLIPEARITVAHGQMRERELERIMNDFYHQRFNVLVCTTIIETGIDVPTANTIIMDRADNLGLAQLHQLRGRVGRSHHQAYAYLLTPHPKAMTKDAIKRLDAIASLEDLGAGFTLATHDLEIRGAGELLGDEQSGQIQSVGFTLYMEMLEQAVEALKEGKEPSLDDLLREQTEVELRIPALLPDDYIPDVNTRLSMYKRIASVSDSDELSELKVELIDRFGLLPDAAKNLLAVSELKFAAGSIKAKKIEAHDKGGFIEFYPDADINPAYLVKLLQSQPQKFAMEGPTKFKFSVPLADRRKRIQFVQDLLNDFKQNLLPTS,53.9,128,166,27.108,45,107,84,6,14,50.60,14,/stor/home/kh36969/gitrepo/NCBI/ffs/NJHL01000001.1.fna
NJHL01000001.1,0..91225,parE,4474..7587,lcl|4474|7587|1|1,1,VFJ57583.1,4.41e-05,"VFJ57583.1 parE ParE toxin of type II toxin-antitoxin system, parDE [Candidatus Kentron sp. DK]",MLLSDVSVKRPVAALVLSMLLCVFGFVSFTKLAVREMPDIESPVVSISTRYEGASATIIESQITSVLEDQLSGISGIDEISSTTRNSMSRITITFELGYDLNTGVSDVRDAVARAQRSLPDEADDPIVYKNNGSGEASLYINLSSSEMDRTQLTDYAERVLMDRFSLITGVSSIDLSGGLYKVMYVKLKPELMAGRAVTASDITSALRSENLESPGGEVRNDSTVMSVRTARTYNTPEDFQYLVIKRASDNTPIYLKDVADVFIGAENENSTFKSDGVVNISLGVVPQSDANPLEVAKLVRSEVDNIQKFLPEGTRLAIDYDATVFIERSIEEVYSTLFITGGLVILVLYIFIGQARATLIPAVTVPVSLISSFIAAYYFGFSINLITLMALILSIGLVVDDAIVVVENIFHHIERGESPLLAAYKGTREVGFAVIATTLVLVMVFLPISFMDGMVGLLFTEFSVLLAMSVIFSSLIALTLTPVLGSQILKANVKPNRFNEVVDRLFSKLENGYRSLLKGALKARLAAPLVILACMGGSYFLMNQVPAQLTPQEDRGVIFAFVRGADATSYNRMSANMDIVEDRLMPLLGQGYLKSFSIQTPAFGGQAGDQTGFVIMILEDWNERDVTAQEALNKVRGALAGIPDVRVFPFMPGFQGGSSEPVQFVLGGSDYDELLVWAELLKNKAEESPMMEGAEIDYSEKTPELLVTVDNQRAAELGVSVKDISDTLEIMLGGKSETTYVERGEEYDVYLRGDENSFNNAADLSQIYLRTNSGELVTLDTVTKIEEVAASIRLSHYNKQKSITITANLSEGYTLGEALNYLDQQAIDNLPGDISVSYSGESKDFKENQASVAVVFALALLVAYLVLAAQFESFVNPLVVMFTVPMGVFGGFLGLVVMGQGMNIYSQIGMIMLIGMVTKNGILIVEFANQLRDRGVEFEKAIIDAAARRLRPILMTAFTTLAGAIPLIVSTGAGYESRIAVGTVIFFGMGFATLVTLFVIPAMYRLISAKTQAPGHVEAELNKALSHDSKGRTVHP,42.7,99,74,31.081,23,51,37,0,0,50.00,7,/stor/home/kh36969/gitrepo/NCBI/ffs/NJHL01000001.1.fna
NJHL01000001.1,0..91225,parE,24507..25889,lcl|24507|25889|3|1,1,WP_184123230.1,8.44e-40,WP_184123230.1 parE DEAD/DEAH box helicase family protein [Mycobacteroides chelonae],MLRVWQADCAERAINKFASNRRPHFFCQATPGAGKTVMAAEVAKRLFEEGMIDLVLCFSPSLSVAEGMQKTFAWKLECSFNGGLGSLGGSYTYQSIRFFDDNFWNTISKHRVLVVFDEIHHCSFEEDGRSNSWGVEIVSKIQGLARYTLALSGTPWRSDRLPIVMAEYSDPEGMLICDYHYGLKQAVVDGVCRQPKIVLIDNEHLSITSGGNRQHFASILDCLKQSDISYQSVIHNEEAMHYILNSACKKLAQIRELSPNAGGLVVAASIKHAKDIQKRLVEQFNQSASIVTYHHVNPLNEIESFRHSNVQWIVSVGMISEGTDIPRLQVCCHMSSVKTELYFRQVLGRILRVNDSLNQEAWLYTFAEESLIGFAERIEQDIPDTCMFLKQEEGAQNVADEPISLSSTVSDRIQSSYSQPSTLSWKNISAVIESNNTNNALLYDELRLGQFKQRVIAAFT,148,374,367,29.973,110,229,172,12,28,46.87,76,/stor/home/kh36969/gitrepo/NCBI/ffs/NJHL01000001.1.fna
