NMSU01000018.1,0..53217,tnsA,20000..20623,lcl|20000|20623|2|1,1,UniRef50_A7MV62,2.29e-73,UniRef50_A7MV62 tnsA Tn7_Tnp_TnsA_N domain-containing protein n=43 Tax=Vibrionaceae TaxID=641 RepID=A7MV62_VIBCB,MYVRNLRKPSATKNVYKFASSKNRSVILCESSLERDCCYHLEYSKDVFSFQSQPEGFYYSSGNKRCPYTPDFLVRNQDGSEYYLEVKPLAKTFSEDFKRSFALKRIAAQHQGKLLILVTDKQIRNGVYLENLNLIHRYSGLVDFSLSSTKIVEELSAAGRMCIRSLADNLKLSIGEVIAVVFRLIGLGRVNVPLDSAINEMSVISVN,219,557,207,51.208,106,100,141,1,1,68.12,99,/stor/home/kh36969/gitrepo/NCBI/ffs/NMSU01000018.1.fna
NMSU01000018.1,0..53217,tnsB,20625..22538,lcl|20625|22538|3|1,1,UniRef100_A0A0N8TSW6,5.36e-157,UniRef100_A0A0N8TSW6 tnsB Transposon Tn7 transposition protein TnsB n=1 Tax=Pseudoalteromonas sp. P1-25 TaxID=1723758 RepID=A0A0N8TSW6_9GAMM,MVMPFDDEFESINDDTQAEYDSTSEAKLVRKQYLPLDSVTIHERDLSSFSEEQKNKALERYKLISAVAKEISGGWTPKNINPLIDKYGLNLSIKRPSYKSVIRWYKSFCGSDGNIVCLVDHNHSKGNRTKRIIDDESFFVEATERFLDAKRPNYSQAYQFYCDRIEIENSNIISGQISKVSYQAFKERLKKLPPYEVALKRFGPNYANKLFNYYQSSVPTTRILERVELDHTPLDLILLDDDLLIPLGRAYLTLLVDVFSGCIVGFHLGFNPPSYVSVAKAIIHSVKSKDYVHDLNIELTNDWLCHGKMETLVVDNGAEFWSKSLDQACMEAGIHYEYCKVGQPWEKPRVERKFLEIIQGIVGWVPGKTFSNILEKDRYDPQKDAVMRFSSFVEELHRWIIDVHNASPDSRNTKIPNYHWKKSEEALPPAALSDRDEKQFRIIMGVIHEGVVTTKGIKYKHLMYDNVALEQYRKQYPQTKESRKKTIKIDPDDLSSIFVYLEEIGGYIEVPCKYDPLGYTKNLSLSEHVRITKIHRDFIKGQVDALSLAKARQALHERIKTEQEHLSLMSVESRAKKAKHGKKMAALSGISNEQPMSIQNALENKNKPLDDNFDEPTPVDNLKSLWNKRKAMKRSKE,463,1191,560,43.393,243,311,362,4,6,64.64,88,/stor/home/kh36969/gitrepo/NCBI/ffs/NMSU01000018.1.fna
NMSU01000018.1,0..53217,tnsC,22535..23521,lcl|22535|23521|2|1,1,UniRef100_A0A143QFU6,3.30e-09,UniRef100_A0A143QFU6 tnsC Transposon Tn7 transposition protein TnsC n=2 Tax=unclassified Rhodococcus TaxID=192944 RepID=A0A143QFU6_9NOCA,MNLSAKQEIAVDELLTQYHNSFVIYPDVQQIFDGLDWIVRRSQFGNFTPSMLITGGTGAGKTSLINHYAKYHFNDNEVLITRVRPSFIETLIWAIDKLGIPYNTRSKRSEIGLQDYFINSVKKSNLKLLVIEEAQELFECASPKERQKIRDRLKMISDECRLPIVFIGIPTAKLILEDSQWDRRIMVKRELPYIRITSESSLDVYIDLLEELEKQLPISVQPELSEMDIAMRLLSATKGMLGAIKELVGYALELALLSGKSAITNDEFALGFERINGPDVTNPFTTELEKLLVPQVIEYEGFIIDPENGEIKFTKQIFKDIPLAALLG,55.1,131,261,23.755,62,165,119,11,34,45.59,74,/stor/home/kh36969/gitrepo/NCBI/ffs/NMSU01000018.1.fna
NMSU01000018.1,0..53217,tniQ,32210..33217,lcl|32210|33217|2|1,1,tr|A0A099LTP3|A0A099LTP3_9VIBR,0.0,tr|A0A099LTP3|A0A099LTP3_9VIBR tniQ Uncharacterized protein OS=Vibrio navarrensis OX=29495 GN=EA26_05655 PE=4 SV=1,MRVRVLIHLENQLKLNNFGALRLALSHSKAQFSPEYKAVHRFEADYPFVFLAKRFTPICPLCISEAPYIRQQWQFLSQQACERHGCKLVHHCPECQSRLEYQTTESISQCECGFELRNSPVEDAPVAALLVARWLSGNDSKPLGLLKAEMTLSERYGFLLWYVNRYGDIENISFESFVEYCSCWPRVLQEELDELVNKADLIRVKDWKKTFFNEVFGALLKDCRQLPSRQLNRNSVLTQVLAYFTKLMATLPSSSKGNVGDVLLSPLEVSTLLSCTTDEVYRLYEFGEIKAAIRPRMHTKIASHESAFTLRSVIETKLTRMCSENDGLSVYLPEW,599,1545,295,96.949,286,9,290,0,0,98.31,88,/stor/home/kh36969/gitrepo/NCBI/ffs/NMSU01000018.1.fna
NMSU01000018.1,0..53217,ffs,19786..19873,,1,ffs,1.10e-22,ffs,GGTCCTCCCGCAAC-ACTAGTTCGTGAACCTGGTCAGATCCGGAAGGAAGCAGCCACAGCGG-ATGATGTGTGTGCCGGGATGTGGCTGG,102,55,90,87.778,79,7,79,4,4,87.78,0,/stor/home/kh36969/gitrepo/NCBI/ffs/NMSU01000018.1.fna
NMSU01000018.1,0..53217,cas8f,33220..35307,lcl|33220|35307|1|1,1,"gi|375263742|ref|YP_005025972.1|CAS-I-F|cas8f|LS,CASCADE",0.0,"gi|375263742|ref|YP_005025972.1|CAS-I-F|cas8f|LS,CASCADE cas8f",MTKLSDLLVIEDEAIKQTALKKMFMPYTEDVCVDGYEQETLTILLNLSSSHQADRCSDWLDVARAQRYLKDRENLDASLAEIQWFHTHNLKFPDCRVKDQRIIARPLSTAEEFISSAVLDQRLGWAHNSAVYRHTLWLLNPFKWQSQPVCILSLIQQKNPVWLDLLTEFGLDVKSLARLQRAIEEQLPENSFPNSVSAYSKQLRFPWGDDYVSITPVVSHALQCELEIRARSPENKFSFVSSSLPNSASIGNLCGSLGGYMRVLNYPLGVKQAKGGTLTGNRQKSGHYFDDYQVTNAKICQVLNRLIGSEPSKTQRQRERARQVRGKILRKQIALWMLPLIELRDIAESEPNQQQLEHDDTLAQAFLSLPELELGSLAGEFNRRLHLTFQNNIYSAKFAYHPKLMQVAKAQVTWVLEQLSKPINNQDKVTGEQYIYLSSMRVQDAVAMSNPCLCGVPSLTAIWGVMHDYQRKFNQLVNNGSPVEFSSFAFYVRNENIQSTAKLTEPNSVAKARTVSNAKRPTIRSERLSDLEIDLVIRVHSESRISDFRSALKTALPVAFAGGALYQPHLSTQIEWLRTFTGRSELFHVLKGLPAYGRWLYPSEKQPTNFDELERLLTQDDDNLPVSLGYHLLEHPTKRDNAITGCHAYAENAIGLAKRINPIEVRFSGRDHFLNHAFWSIECSSETILIKNYRD,859,2219,698,59.026,412,281,523,1,5,74.93,99,/stor/home/kh36969/gitrepo/NCBI/ffs/NMSU01000018.1.fna
NMSU01000018.1,0..53217,cas7,35314..36345,lcl|35314|36345|1|1,1,"gi|375263741|ref|YP_005025971.1|CAS-I-F|cas7f|G7,CASCADE",0.0,"gi|375263741|ref|YP_005025971.1|CAS-I-F|cas7f|G7,CASCADE cas7",MELCTQLNYVRSLSAGKAYFYYLSESGEMCPLNVDKTRLRAPKGSYSEAYKGNKFVDKNVAPQDLAYSNPQFIEECYVKPGVDEIYCAFSLRIRANSLTPDICSDDEVRSKLSMFSKIYKELNGYKELANRYAKNILLGTWLWRNRECRNITIEVTTSELDTFVVEHAQKLSWYGHWDGDSTECLERLTAYLERALSDPTEYFYMDVKAKMRVGWGDEVYPSQEFLDSREDGIPTKQLATVELLRGKETVAFHGQKVGAALQSIDDWWHEEADKPLRVNEYGADREYVIARRHVTHGNDFYQLVRNTENWIEAMTASQTIPNDVHFIMSVLIKGGLFNCAKAN,524,1350,339,71.386,242,97,285,0,0,84.07,99,/stor/home/kh36969/gitrepo/NCBI/ffs/NMSU01000018.1.fna
NMSU01000018.1,0..53217,cas6,36357..36962,lcl|36357|36962|3|1,1,gi|375263740|ref|YP_005025970.1|CAS-I-F|cas6f|cas6,9.12e-90,gi|375263740|ref|YP_005025970.1|CAS-I-F|cas6f|cas6 cas6,MSQRYYFLIRYTNANADYGLLAGRCISQTHLFMVNNHQAMNRVGVSFPDWNESSVGQTIAFVSEDKEMMIGLSFQPYFSLMVKEGLFELSSICEVPDNLGEVRFVRNQTINKSFLGSKKRRIKRSMVRAELSGAEQRLPVTNEDRVIDSFHRIPISSGSSRQDFILFIQKELADERAESGFNSYALATNQERRGTVPDLRF,260,665,199,63.819,127,71,148,1,1,74.37,99,/stor/home/kh36969/gitrepo/NCBI/ffs/NMSU01000018.1.fna
NMSU01000018.1,0..53217,glmS,4530..5627,lcl|4530|5627|3|1,1,WP_035343592.1,1.74e-13,WP_035343592.1 glmS two-component system response regulator GlrR [Dickeya],MFMYKSHIPEDCEEEAQITAAKLILLVDDDPVFRRMTKGYLQKYGYQVIEAENGLDGLRKLRDHEPDLILCDLSMPVLNGIEFVEEVSSSYPSLPLVVVSATEEMADVAKALRFGIKDFLPKPITNHSHLASAIEKVLANDDHQRDFASCWYGADRQGSIPEEQELHWHLQYLKDNPNAAKELLEALLPEKDSQLGSWKCSYRLLQSAELMPLVFDYAWLMNGQFVFYVVDAASHRECGAASTLLVRALFHDYLRNLRNFSVELKDLAEIIERGIHCSECIGKVSALFGVADLADGTLSLLPAGLDCQWSNGYVHNRVTSGVQLGDNSLRNFITKDLPIRAACQISLSKPSAYSFTLDLYQGCEG,68.9,167,115,32.174,37,77,62,1,1,53.91,32,/stor/home/kh36969/gitrepo/NCBI/ffs/NMSU01000018.1.fna
NMSU01000018.1,0..53217,parE,24474..25856,lcl|24474|25856|3|1,1,WP_184123230.1,1.01e-37,WP_184123230.1 parE DEAD/DEAH box helicase family protein [Mycobacteroides chelonae],MLRVWQADCAEQAINKFASNRRPHFFCQATPGAGKTVMAAEVAMRLFEKDMIDLVLCFSPSLSVAEGMQKTFAWKLECSFNGGLGSLGGSYTYQSIRFFDDNFWNTISKHRVLVVFDEIHHCSFEEDGRSNSWGVEIVSNIQGLARYTLALSGTPWRSDRLPIVMAEYSDPEGMLICDYQYGLKQAVVDGVCRQPKIALIDNEHLSITSGGNRQHFASILDCLKQSDISYQSVIHNEEAMHYILNSACKKLAQIRELSPNAGGLVVAASIKHAKDIQKRLVEQFNQSASIVTYHHVNPLNEIESFRHSNVQWIVSVGMISEGTDIPRLQVCCHMSSVKTELYFRQVLGRILRVNDSLNQEAWLYTFAEESLIGFAERIEQDIPDTCMFLKQEEEAQNVADKPISLSSTVSDRIQSSYSQPSTLSWENIAAVIESNNTNNALLYDELRLGQFKQRVIAAFT,142,359,367,29.428,108,231,169,12,28,46.05,76,/stor/home/kh36969/gitrepo/NCBI/ffs/NMSU01000018.1.fna
